171.1,47.4,8.0,364.1,1.6,16.2,5.2,5.3,3.5,190.0,4.7,0
208.0,46.2,4.4,837.6,2.4,20.6,4.4,10.9,0.2,146.8,4.5,0
166.2,48.1,4.4,717.2,2.8,12.8,2.3,19.7,9.6,148.0,5.4,0
271.1,52.5,1.1,223.0,2.5,27.6,6.0,17.7,3.6,154.2,5.6,0
269.8,1.9,9.6,805.9,3.6,20.3,7.0,5.1,12.6,177.4,6.4,1
187.3,74.3,7.9,485.0,3.7,20.3,9.7,5.3,0.7,148.1,5.0,1
212.5,68.1,5.2,1026.1,2.4,21.5,8.1,24.6,8.4,163.4,6.9,0
265.0,40.8,6.3,1026.1,3.6,15.9,9.2,24.3,14.6,189.8,4.2,1
193.2,10.3,1.7,225.3,2.3,18.7,8.0,7.2,2.8,159.4,5.1,0
231.4,25.8,9.2,525.5,2.4,20.4,4.2,20.5,8.3,176.9,6.1,0
167.1,16.8,8.3,514.8,3.3,10.4,5.9,25.2,9.9,190.2,4.7,1
209.1,7.1,7.4,18.5,1.7,29.8,8.9,23.1,3.2,169.4,6.5,0
237.6,59.3,9.2,827.5,2.1,29.9,4.0,12.0,13.8,154.1,1.6,0
183.7,62.7,3.3,145.8,3.2,16.8,4.1,26.5,10.2,141.9,3.6,0
278.6,49.8,2.8,87.4,3.7,9.1,6.4,11.6,10.3,149.1,6.3,0
195.8,35.9,8.0,867.5,3.0,14.4,6.0,10.6,4.7,150.8,4.6,0
239.2,48.8,3.8,1058.5,3.1,5.2,5.0,20.7,11.9,193.8,2.2,1
190.7,64.6,3.4,802.1,2.0,28.0,3.0,18.0,2.9,171.1,5.1,0
220.9,48.6,8.7,853.8,2.7,15.9,9.4,12.7,11.1,175.6,2.2,1
206.4,24.3,1.0,303.0,2.8,20.3,10.0,13.4,6.6,165.3,2.5,1
184.2,35.6,5.6,162.2,3.2,13.8,9.1,29.3,12.3,188.9,5.9,1
222.4,79.8,1.6,1041.2,3.2,16.3,3.0,22.0,6.7,183.4,2.6,1
278.0,12.4,2.4,524.0,1.9,10.5,9.0,7.0,2.2,176.1,5.4,0
187.2,47.7,9.3,574.2,3.1,14.8,8.7,6.1,0.4,155.1,3.8,0
207.4,6.1,1.9,452.7,3.9,7.0,5.7,20.9,6.3,140.7,3.6,0
234.8,63.3,4.7,715.9,2.9,18.0,3.4,25.0,2.7,166.2,5.2,0
265.5,66.3,5.0,188.1,2.9,14.4,9.9,22.8,8.2,150.5,2.9,0
268.7,11.5,7.8,672.5,1.6,23.0,4.0,20.1,15.0,167.1,5.5,1
181.8,17.0,8.6,797.0,1.5,19.7,5.9,29.0,8.9,154.4,4.9,0
225.9,27.4,4.7,1053.8,2.0,13.5,7.2,9.4,8.8,188.2,2.8,0
183.2,32.5,1.9,761.3,3.4,21.9,7.5,28.5,0.5,195.2,1.1,1
188.3,72.1,8.3,360.5,2.9,15.5,5.1,21.2,8.8,152.6,2.4,0
270.1,38.2,6.6,253.6,1.6,6.8,5.2,27.6,1.1,199.6,6.0,0
171.0,71.0,0.8,934.5,1.8,27.8,4.0,14.0,0.8,198.9,3.6,0
213.7,59.7,5.5,10.7,1.8,25.6,3.6,27.9,11.8,170.5,1.8,1
238.4,5.1,0.0,925.7,2.5,8.1,3.6,11.1,4.7,151.2,0.3,0
244.9,73.9,2.6,546.2,3.0,8.2,7.1,23.7,13.1,196.5,4.1,1
260.6,37.7,5.8,158.9,3.8,13.3,8.8,22.4,7.2,184.0,0.4,1
273.3,60.4,9.1,870.7,2.3,14.6,3.7,11.7,3.1,141.8,0.6,0
188.0,14.1,7.9,18.7,3.7,29.8,7.6,6.1,13.5,165.8,1.9,1
273.5,26.1,9.5,766.4,2.1,11.4,9.7,14.8,3.8,187.2,4.1,0
267.4,2.8,2.8,631.5,2.7,30.0,6.2,12.0,2.7,187.6,2.2,1
277.2,73.9,9.3,474.6,3.5,12.4,9.7,19.7,1.8,171.4,1.0,0
205.0,45.0,3.6,594.4,3.3,10.9,3.3,13.2,2.2,156.7,3.9,0
226.8,60.2,8.9,397.8,1.7,14.7,7.0,25.7,13.3,149.0,1.8,0
261.0,16.1,2.7,371.3,4.0,23.3,9.4,25.6,13.2,182.8,5.3,1
269.2,26.0,7.3,499.7,3.5,24.6,2.7,14.2,8.6,181.2,2.9,1
227.8,47.1,9.3,929.9,2.4,25.8,9.0,30.0,8.1,180.2,2.6,0
197.1,10.3,7.2,287.7,3.2,26.2,5.9,5.4,13.3,190.1,4.7,1
164.5,9.5,7.6,1019.0,3.6,6.4,9.5,28.6,12.6,192.4,4.7,1
215.5,40.0,1.7,314.6,3.5,14.2,2.1,17.0,2.7,162.0,4.7,0
173.3,16.8,7.8,262.5,3.0,21.9,5.3,19.3,11.4,186.5,6.6,1
226.6,11.6,4.1,631.3,3.1,13.2,8.1,11.3,3.0,177.6,2.6,0
175.1,72.4,0.0,139.5,2.1,13.5,3.7,18.6,5.4,168.0,5.7,0
217.4,45.3,3.5,30.5,1.9,18.9,8.2,8.2,4.0,180.7,2.3,0
233.7,48.0,6.9,161.4,2.5,18.2,9.8,22.0,3.5,187.7,3.3,0
172.4,14.0,9.0,895.4,2.0,13.8,4.5,14.2,14.6,168.1,5.9,1
250.3,71.5,8.2,288.0,1.7,29.0,6.7,5.1,1.7,179.4,2.0,0
272.8,23.3,0.6,106.6,2.9,5.3,8.0,22.9,6.9,194.4,1.5,1
277.1,8.8,5.0,826.6,1.9,11.1,2.3,10.5,10.9,145.1,6.7,0
177.6,42.4,7.1,827.6,2.8,12.0,8.9,6.9,12.7,195.5,4.2,1
268.9,5.0,7.1,128.0,2.4,23.7,6.6,9.3,1.5,183.9,0.8,0
203.1,78.9,7.5,190.8,3.6,27.8,8.1,5.4,13.3,166.9,2.5,1
224.1,24.4,6.3,719.2,1.6,19.2,6.8,16.8,4.2,193.1,3.2,0
214.4,21.1,9.3,237.5,2.3,8.3,6.1,27.7,12.4,174.2,6.6,1
173.1,47.1,3.7,605.5,2.3,15.4,2.6,16.2,7.1,173.1,6.8,0
205.0,22.2,0.3,813.6,3.8,21.3,8.5,7.5,2.5,155.7,4.2,1
272.2,35.6,9.1,1068.8,2.8,10.4,4.3,11.8,7.3,160.7,4.3,0
230.9,30.9,0.4,448.5,2.7,9.9,4.2,18.0,12.9,165.5,4.1,1
179.1,46.7,0.4,807.6,3.3,13.4,8.0,6.0,9.0,163.9,6.7,0
166.6,29.3,1.7,840.1,3.5,6.9,9.8,15.4,0.5,195.6,4.8,0
188.3,70.3,5.8,788.2,2.8,13.4,4.3,6.8,14.4,192.4,6.3,1
161.9,46.0,8.5,387.9,3.7,19.5,7.6,21.5,0.8,193.9,6.0,1
190.1,71.7,7.7,789.0,3.2,10.4,5.5,26.3,8.2,147.6,3.0,0
206.0,16.9,7.8,31.3,2.5,12.2,9.5,13.4,8.3,175.4,2.5,0
172.5,51.3,7.7,802.6,1.7,13.9,5.4,17.1,7.2,197.3,5.7,0
193.8,66.4,3.6,102.2,3.3,14.5,4.3,17.2,3.6,150.5,4.6,0
244.8,36.8,1.3,730.0,2.5,7.2,2.9,23.3,7.1,173.7,0.4,0
216.9,19.6,5.3,269.4,1.7,8.9,2.8,27.3,3.7,183.8,6.6,0
260.5,77.5,6.3,806.9,1.6,27.2,2.9,12.1,4.3,192.7,0.5,0
160.7,65.3,1.4,135.8,3.7,6.2,6.1,9.5,4.7,171.5,5.1,0
167.2,70.0,6.3,550.0,3.3,12.1,5.1,12.5,3.4,157.1,5.1,0
187.9,18.3,1.8,452.0,2.2,11.0,6.6,12.1,14.0,149.5,2.6,0
217.3,53.0,1.5,98.8,4.0,23.2,7.7,16.5,12.3,145.8,2.0,1
267.7,31.2,4.7,501.4,2.8,25.3,3.4,19.7,14.6,175.6,4.5,1
213.3,6.1,6.0,45.3,3.2,16.2,7.3,21.7,8.8,156.0,4.5,0
255.3,50.6,3.6,250.2,1.6,22.9,9.7,26.3,5.0,146.5,3.2,0
163.8,21.9,0.2,380.3,2.7,18.8,5.2,8.8,9.3,192.6,5.9,0
260.1,57.6,5.3,228.2,2.6,18.3,3.4,28.0,0.3,199.0,0.2,0
272.4,10.8,5.0,357.8,2.9,17.0,2.0,22.6,9.2,186.9,5.5,1
240.7,67.6,7.6,191.2,2.4,24.7,5.5,6.8,12.8,147.7,4.9,0
190.7,48.6,7.7,279.4,1.6,22.3,2.9,10.9,13.4,182.4,2.1,1
198.8,29.8,3.3,596.9,3.0,15.3,5.8,23.6,1.1,191.4,6.2,1
276.2,39.8,2.9,28.7,2.0,20.0,4.8,26.8,10.7,172.4,2.5,1
264.2,45.4,7.9,938.4,1.7,13.2,5.2,21.8,14.2,173.1,4.1,1
273.6,17.0,5.4,922.5,3.3,17.0,3.0,5.5,3.2,155.9,4.4,0
179.7,31.2,2.4,25.9,2.9,7.9,3.9,24.2,13.8,194.9,4.0,1
217.8,14.9,2.0,329.4,2.7,16.6,6.8,16.8,14.3,163.1,5.7,1
270.5,76.6,5.6,294.5,1.7,22.2,9.0,8.0,6.7,196.8,1.7,0
211.4,19.7,7.2,54.0,2.9,13.1,7.5,18.9,11.6,188.5,1.9,1
205.1,9.3,1.7,585.9,2.6,5.5,2.2,20.3,7.2,152.3,6.8,0
210.7,52.9,0.3,1079.2,2.6,5.1,3.0,28.5,11.5,165.7,2.7,1
187.5,73.3,8.4,435.1,2.9,28.0,7.4,5.6,12.8,148.9,2.6,1
190.1,66.7,4.6,65.5,1.7,18.1,3.4,17.8,14.8,192.2,1.8,1
204.3,41.1,8.2,223.6,2.5,22.2,9.0,10.3,3.4,185.7,2.6,0
193.1,2.8,1.0,1009.5,3.7,14.7,4.1,6.4,14.1,173.1,4.3,1
171.4,40.5,3.9,1021.8,1.6,21.0,5.8,5.8,2.3,162.4,4.4,0
216.7,42.1,7.9,15.0,2.5,8.7,9.4,23.0,6.1,186.2,5.5,0
245.0,56.1,3.0,567.0,3.8,28.3,9.3,7.6,4.4,147.0,6.8,1
271.9,23.3,7.5,176.5,2.9,27.4,5.8,25.9,5.6,151.9,0.7,0
268.8,75.8,8.9,346.4,2.3,11.8,9.4,23.8,8.7,197.8,3.8,0
250.1,3.8,3.5,89.0,2.7,23.2,5.3,10.8,1.6,175.2,4.3,1
238.9,41.0,3.8,484.5,1.9,7.4,6.7,22.5,0.3,145.7,6.3,0
221.9,36.3,0.8,73.0,2.3,8.0,7.2,20.1,10.8,192.9,7.0,1
276.4,29.4,5.8,681.6,1.5,8.4,10.0,12.5,13.6,142.0,2.3,0
228.5,32.9,6.2,126.4,3.3,12.2,5.0,21.2,15.0,140.4,6.0,0
203.5,77.6,9.1,946.8,1.7,25.5,4.5,9.8,14.5,145.5,6.2,0
243.6,40.5,6.1,820.8,1.6,20.5,3.2,8.5,0.8,170.7,2.4,0
266.7,11.4,7.2,1041.2,3.8,8.8,3.2,15.9,12.9,152.6,5.8,0
239.7,13.3,3.1,600.8,2.7,27.7,2.6,13.7,7.8,186.5,5.4,1
246.0,48.2,5.0,101.4,2.5,28.6,6.5,17.5,9.1,192.8,1.7,0
214.4,5.9,6.5,250.0,3.7,20.9,6.6,16.0,10.4,166.5,4.3,1
263.8,74.7,8.5,857.2,2.9,15.3,7.9,6.1,10.3,191.7,5.2,1
171.7,15.8,1.1,530.3,3.2,9.1,4.2,5.9,7.9,182.7,5.0,0
276.2,72.5,4.1,170.5,3.7,5.9,7.8,12.5,9.1,198.5,5.3,0
261.8,39.2,1.8,651.0,3.0,9.8,9.3,14.4,13.1,159.6,1.9,0
208.7,52.2,4.9,774.8,3.0,9.1,6.7,15.1,1.6,182.2,5.1,0
267.0,40.3,7.3,298.7,3.9,8.7,9.0,24.8,9.8,141.9,3.4,0
173.4,41.4,4.1,639.1,1.5,6.1,6.1,29.7,6.2,167.6,2.8,0
180.7,11.7,0.0,63.1,3.9,21.8,8.4,7.8,6.5,159.9,1.9,1
277.8,27.1,1.2,822.3,3.1,20.7,2.0,18.5,8.7,190.0,2.6,1
168.8,57.5,9.1,53.1,3.1,26.3,6.7,29.2,4.8,148.5,0.1,0
267.4,74.0,4.8,719.4,3.0,25.7,7.9,23.5,14.8,175.4,6.0,1
228.9,74.1,0.1,693.6,2.7,26.9,7.1,17.8,8.0,156.5,2.9,1
251.0,53.2,2.7,508.6,1.5,21.8,9.2,13.8,8.1,143.7,1.0,0
200.2,76.7,0.3,106.1,3.7,11.8,4.3,8.7,6.5,196.5,4.6,0
257.8,47.0,3.7,793.3,2.8,12.1,2.1,5.7,7.6,177.5,5.9,0
195.9,30.4,5.0,486.6,2.1,9.0,3.7,23.0,11.5,194.3,1.6,1
185.0,63.3,6.3,459.0,3.8,18.5,7.8,28.9,3.6,164.3,5.6,0
168.1,21.2,6.8,494.0,2.6,24.1,9.2,11.4,8.7,145.8,6.1,0
254.8,75.0,0.5,393.9,2.3,14.0,2.7,9.4,9.6,140.7,4.8,0
164.5,10.3,5.4,701.9,1.5,8.1,2.9,5.5,13.4,152.1,4.7,0
176.3,49.8,4.7,51.2,1.6,15.1,8.9,20.1,8.9,178.7,4.9,0
273.2,26.1,4.6,559.4,3.7,16.4,2.0,10.0,12.2,182.8,2.6,1
264.6,59.2,3.5,68.1,2.0,10.1,8.5,11.0,6.5,194.3,4.7,0
224.9,64.5,3.8,599.6,3.4,14.8,3.1,13.2,2.5,182.3,2.3,0
166.4,4.8,5.4,126.9,3.2,8.0,2.5,10.9,13.1,192.3,6.1,1
210.4,26.6,2.5,132.3,2.3,23.9,8.9,23.3,13.7,178.0,2.9,1
272.7,27.0,7.0,934.7,3.2,5.1,4.7,21.3,9.1,155.8,4.6,0
182.0,65.7,2.3,498.9,1.9,10.0,6.0,16.6,8.5,147.7,6.5,0
175.4,16.2,3.8,910.8,2.2,8.7,4.4,11.9,5.5,154.5,3.6,0
201.2,15.0,7.2,1072.9,1.9,21.2,9.8,20.7,8.5,197.1,1.9,0
232.5,2.0,5.6,852.6,4.0,15.3,9.8,13.0,12.5,162.5,0.3,1
219.2,75.3,7.4,185.4,4.0,23.4,3.2,15.8,5.3,163.8,3.6,1
223.7,43.5,8.9,969.7,2.1,24.6,6.5,15.6,3.9,183.1,2.4,0
192.8,75.7,0.1,665.1,2.6,15.5,2.7,10.0,3.6,182.5,0.9,0
238.8,45.2,9.0,1065.7,2.5,10.9,4.3,6.2,1.6,174.5,1.7,0
161.4,16.1,7.4,525.4,4.0,18.1,2.8,15.0,14.6,191.8,2.4,1
167.6,8.6,1.0,806.5,2.3,14.7,7.2,12.1,4.5,187.1,2.8,0
264.3,31.6,3.2,751.4,1.9,19.2,7.6,7.5,1.1,157.5,5.7,0
241.1,75.0,6.1,693.5,1.5,10.6,8.7,11.6,7.7,194.3,1.9,0
237.0,63.0,7.0,327.5,2.3,21.3,3.4,11.1,11.1,175.3,6.4,1
167.6,74.4,0.3,206.0,3.0,8.3,3.8,21.5,14.4,199.4,1.2,1
245.7,53.1,9.0,696.4,3.7,26.9,5.2,22.7,5.2,143.5,2.3,0
215.1,63.5,9.0,471.9,2.6,14.5,2.2,22.5,6.2,188.0,3.9,0
260.9,65.1,8.4,873.0,3.5,16.9,5.7,29.7,3.9,168.0,2.9,0
247.7,77.9,1.7,1035.2,2.6,26.4,5.5,21.5,11.6,174.2,0.9,1
199.3,74.9,0.9,1042.2,3.1,24.4,5.9,16.6,9.8,143.9,3.8,1
274.9,56.3,5.7,493.0,1.6,29.1,6.3,27.9,5.3,168.8,5.4,0
190.6,58.8,0.8,416.0,1.5,7.1,3.3,16.5,2.0,197.8,0.1,0
170.8,43.6,4.5,184.8,3.2,27.6,3.0,12.8,7.8,196.3,6.4,1
250.6,75.2,0.0,310.8,2.6,22.8,8.9,12.8,14.6,193.4,6.1,1
168.5,73.4,5.9,411.9,3.9,29.2,9.9,18.7,9.8,153.1,6.9,1
160.0,5.1,8.6,783.9,2.5,23.7,8.7,22.5,2.3,193.1,5.8,0
184.6,35.3,7.1,776.5,2.1,6.2,2.6,12.4,13.0,165.4,6.1,1
251.7,41.1,8.9,180.7,4.0,15.3,8.3,21.3,7.0,183.1,2.4,1
175.2,23.5,0.6,352.0,2.7,11.2,3.7,7.7,14.7,141.8,2.0,0
242.0,11.9,2.8,428.1,2.2,16.2,8.0,11.4,6.2,174.0,6.6,0
171.8,29.2,7.6,404.9,1.6,12.6,2.2,25.0,14.2,143.8,5.4,0
278.1,37.2,8.3,1028.3,3.1,16.9,2.7,20.8,1.3,152.8,5.8,0
210.7,69.0,0.6,349.1,3.7,25.8,4.8,23.6,1.6,153.7,4.6,0
242.3,29.1,1.6,13.9,4.0,10.4,6.6,6.5,6.6,147.0,2.7,1
229.7,37.3,2.3,463.5,2.1,25.5,6.4,25.5,8.5,163.1,3.4,0
172.2,79.8,4.3,597.3,2.4,8.9,6.6,14.4,15.0,142.1,1.0,0
231.0,61.1,3.0,229.4,1.9,5.0,7.1,12.7,13.6,165.8,1.9,1
220.0,28.6,3.1,470.3,1.7,10.7,6.5,11.6,3.2,158.7,6.1,0
207.9,40.5,6.6,554.9,2.8,14.0,5.2,10.0,3.9,159.2,1.9,0
194.3,8.4,9.2,560.0,4.0,17.1,4.3,10.2,4.2,175.7,2.2,0
219.6,32.7,3.8,487.8,2.9,10.4,3.1,11.7,5.0,195.0,2.7,0
161.8,55.5,7.0,840.3,1.8,26.5,9.1,17.5,0.4,169.8,3.2,0
251.0,13.1,4.7,31.9,3.3,28.3,6.1,9.8,9.6,173.8,4.5,1
225.3,37.5,3.0,547.1,2.8,15.3,2.8,22.3,8.3,152.5,6.8,0
193.5,79.9,7.2,701.3,3.0,28.5,8.0,6.7,2.7,184.7,6.3,1
217.2,53.8,8.0,762.2,3.8,23.7,5.5,14.9,11.8,160.4,5.6,1
242.8,48.9,6.6,30.1,3.9,16.2,2.4,23.5,5.2,195.1,2.5,1
173.8,61.4,4.3,605.4,1.7,6.9,6.3,11.8,0.9,188.4,4.5,0
273.8,19.5,2.0,868.1,2.5,16.2,9.7,12.8,3.5,174.2,4.7,0
221.8,63.6,7.7,613.3,2.3,24.8,7.2,29.2,14.6,183.5,3.0,1
239.8,42.7,8.1,228.6,2.8,21.6,5.1,8.0,0.2,148.7,1.1,1
177.4,46.4,4.1,915.3,1.6,6.5,3.7,15.3,9.0,144.3,0.1,0
235.9,46.2,3.1,265.8,3.6,14.8,3.6,27.7,5.5,197.0,0.5,1
257.9,77.7,2.7,484.5,3.1,10.0,6.0,20.5,11.1,156.5,3.9,0
163.0,18.4,1.1,857.8,2.5,22.1,2.8,11.4,3.2,174.5,2.0,0
202.1,78.4,1.6,976.8,2.3,17.8,2.1,10.7,10.6,173.9,5.3,1
273.5,4.3,5.9,917.7,1.7,14.0,4.1,10.9,8.2,180.1,3.0,0
251.4,54.8,1.2,977.7,2.3,14.5,7.9,7.3,5.1,142.0,3.6,0
225.3,55.1,4.8,188.5,3.7,15.2,6.6,11.0,14.2,149.4,0.3,0
210.6,34.3,0.7,46.4,1.8,9.1,5.3,20.9,6.2,185.6,6.2,0
172.3,62.6,6.7,113.4,2.5,6.6,8.2,14.6,8.7,157.6,6.5,0
243.4,77.7,4.9,651.4,3.2,5.3,6.5,12.3,3.8,162.7,3.2,0
236.8,41.1,5.9,302.2,1.7,27.4,9.1,24.7,7.1,187.8,6.0,0
174.1,72.5,5.9,613.1,3.1,18.2,4.2,7.7,0.8,162.2,4.8,0
244.6,78.1,9.6,478.4,3.4,9.9,2.8,28.7,14.3,181.6,1.3,1
269.0,40.4,2.2,34.5,2.5,5.7,9.5,23.8,2.2,148.2,0.5,0
228.2,34.7,6.5,390.3,3.5,21.0,7.5,14.3,2.8,188.5,4.9,1
202.9,65.3,0.7,769.0,3.9,26.8,4.2,20.8,0.8,162.2,5.3,0
230.2,40.8,7.5,1067.9,4.0,5.7,9.2,27.9,5.0,169.9,0.2,0
231.6,42.1,1.3,1009.9,2.9,14.8,5.0,12.1,1.3,172.3,1.6,0
218.2,60.1,5.3,326.3,2.2,17.2,7.5,18.0,11.0,174.5,4.2,1
244.0,58.7,7.4,267.6,3.6,5.1,7.5,7.0,6.5,156.2,2.6,0
257.9,6.4,4.3,569.3,2.6,5.6,10.0,5.3,12.5,146.6,1.2,0
169.7,25.5,5.9,566.2,2.5,7.0,8.3,8.3,3.2,152.6,5.7,0
262.5,20.2,1.9,244.2,3.6,13.6,7.0,8.2,9.0,180.5,2.2,0
234.7,61.7,6.8,871.5,2.6,7.4,2.0,11.9,4.7,180.2,0.9,0
188.3,38.2,9.0,514.4,3.6,12.2,6.8,13.4,6.1,180.2,6.3,0
225.3,33.6,1.6,663.2,1.7,14.0,5.5,16.5,5.2,169.9,6.8,0
205.1,44.8,7.7,878.3,2.0,11.2,3.1,21.3,5.0,176.1,2.3,0
169.1,65.7,4.5,72.7,2.1,8.4,7.8,12.0,14.4,154.1,0.9,0
209.8,23.6,1.3,34.7,2.7,12.6,7.9,7.0,5.6,198.8,3.4,0
253.1,7.9,4.1,50.7,2.6,18.7,9.5,26.1,9.3,155.1,2.9,0
197.7,68.9,2.1,25.9,3.3,18.0,8.6,5.4,1.9,187.3,1.0,0
196.7,62.8,2.6,495.6,3.8,29.8,8.0,25.9,10.8,156.4,5.5,0
224.7,61.0,8.0,1022.4,2.6,29.6,5.6,24.5,13.1,184.1,5.5,1
208.0,24.6,5.6,753.0,3.5,29.9,4.1,12.6,12.1,196.1,0.7,1
238.1,61.6,7.8,833.6,3.9,12.6,2.9,10.5,6.0,189.4,3.4,0
237.4,35.2,1.7,103.4,3.6,15.1,2.3,13.2,0.9,150.7,2.2,0
242.6,54.1,3.0,555.4,2.8,25.8,5.1,6.0,13.9,163.1,2.9,1
201.4,10.9,9.4,459.6,3.4,28.1,9.4,6.0,8.7,151.7,1.8,1
260.6,61.3,2.0,394.6,3.2,10.9,3.2,28.1,7.0,164.8,2.5,0
213.3,76.0,9.2,93.2,2.7,15.9,7.8,6.5,0.9,155.1,5.0,0
215.6,71.5,1.8,174.7,2.8,19.7,5.1,28.5,2.0,162.3,4.2,0
262.1,56.9,4.4,969.1,3.3,26.7,8.7,28.8,14.5,147.8,6.7,0
164.4,32.9,2.2,352.4,1.5,8.2,4.6,23.5,2.8,160.3,5.1,0
254.4,8.7,8.2,522.5,3.9,21.4,9.7,25.4,13.3,176.7,3.9,1
259.3,57.4,7.9,1.6,3.2,19.4,8.2,19.2,8.5,191.3,3.1,0
270.4,54.5,7.8,270.0,2.6,13.1,8.7,9.7,10.6,157.4,0.2,0
250.2,79.6,6.8,439.1,1.5,12.6,7.1,26.4,10.6,167.5,4.1,1
160.1,17.8,5.3,588.8,1.9,27.7,5.9,17.9,15.0,149.3,5.8,0
185.7,34.7,7.4,485.7,3.7,16.7,7.1,18.9,7.5,151.7,6.0,0
203.5,60.6,1.2,275.3,1.5,14.5,2.1,11.3,14.7,148.3,1.6,0
227.5,29.3,5.4,880.4,2.8,18.5,5.3,23.3,0.7,148.8,3.0,0
237.9,34.9,6.7,258.1,2.1,10.4,9.7,26.0,6.0,186.8,5.2,0
173.8,37.7,4.9,408.5,3.5,15.6,8.2,5.1,3.0,186.3,0.5,0
241.8,63.3,9.9,541.9,2.7,22.5,2.1,16.5,1.9,193.2,5.1,1
240.1,59.2,5.2,625.0,3.3,20.4,3.1,19.1,7.1,144.2,0.6,1
251.9,35.5,7.0,163.2,2.8,29.6,2.6,26.8,14.3,156.2,2.7,0
243.4,65.7,2.4,1068.2,2.0,16.9,6.2,26.4,11.7,174.1,5.9,1
215.4,27.4,9.4,847.7,3.2,22.7,3.6,17.5,14.5,187.1,2.0,1
161.6,10.4,6.3,158.3,2.2,9.7,4.2,5.5,4.7,196.1,5.0,0
234.5,59.8,3.6,870.3,1.8,6.0,7.8,25.3,9.5,154.7,1.3,0
212.9,78.9,2.9,210.7,3.7,17.3,4.2,28.0,15.0,187.7,1.2,1
271.2,7.1,5.2,142.7,1.8,24.9,8.3,18.3,10.3,142.1,1.3,0
198.7,51.0,9.0,1046.6,3.2,10.8,2.8,5.4,5.6,181.5,0.5,0
216.2,37.9,2.4,728.9,2.5,5.3,9.7,12.6,2.4,195.9,2.4,0
233.2,4.5,5.2,455.8,1.9,12.3,9.3,29.7,1.1,148.7,1.4,0
206.9,62.6,3.7,664.3,2.4,14.1,6.6,19.8,6.5,176.9,3.6,0
213.9,56.1,5.8,355.2,2.2,20.9,3.9,28.6,7.7,175.4,5.8,0
274.4,50.9,3.6,834.5,2.3,25.9,7.8,9.6,13.8,186.4,1.1,1
266.5,15.5,4.8,210.6,1.9,25.8,9.6,19.2,6.9,160.5,5.2,0
235.4,72.0,0.0,1071.0,2.8,23.5,7.8,12.3,1.8,172.3,3.0,1
251.3,22.4,5.9,5.2,2.0,27.6,5.0,20.4,7.7,145.4,5.1,0
235.5,65.0,0.3,320.0,3.2,26.6,3.0,10.7,6.8,186.7,3.6,1
166.6,67.0,1.8,725.3,2.8,29.4,3.8,28.7,11.9,164.2,2.3,1
197.8,28.9,5.0,1034.1,1.8,12.5,5.9,23.2,1.4,174.3,3.6,0
173.8,71.0,9.9,969.8,3.3,19.9,4.5,5.5,6.9,161.4,1.3,0
248.7,47.2,8.8,940.9,3.6,29.3,8.4,21.4,3.7,192.7,5.1,1
175.1,28.9,0.9,488.8,3.2,20.8,4.8,8.7,3.8,171.9,4.3,1
258.4,1.7,6.8,1071.8,2.7,24.8,2.6,26.1,12.1,195.3,0.4,1
167.8,53.0,4.0,703.1,2.1,12.1,6.4,12.0,2.4,144.1,3.0,0
170.1,68.0,1.7,27.5,2.7,23.3,3.2,15.0,8.3,163.6,2.7,1
258.0,53.3,3.0,671.7,2.4,11.3,6.9,10.7,8.7,141.2,5.4,0
183.8,35.4,0.7,582.6,1.7,22.2,3.4,21.3,12.5,161.4,1.4,1
191.5,23.2,1.8,873.3,3.5,27.3,4.5,28.2,7.4,168.7,3.1,0
247.5,48.0,6.6,176.7,3.9,28.8,8.6,28.9,9.9,197.9,4.3,1
251.2,79.7,0.2,119.4,3.6,14.8,5.4,19.8,4.1,194.0,0.4,0
165.2,6.4,8.1,547.4,2.0,10.4,3.7,9.2,10.4,154.9,2.1,0
230.4,71.6,3.8,92.0,2.7,11.9,2.4,10.8,0.2,167.7,4.6,0
268.5,78.2,7.9,1077.5,1.6,13.0,8.6,29.8,9.7,143.3,6.4,0
274.2,48.4,6.7,610.5,2.4,14.0,6.0,26.7,13.6,142.8,4.0,0
257.0,79.4,0.0,955.3,2.7,23.8,9.2,25.0,9.4,149.6,4.3,0
192.3,29.5,4.7,742.2,2.9,23.1,6.1,23.8,9.1,176.8,4.8,1
191.1,72.3,0.4,225.2,1.6,11.5,2.6,11.6,11.3,153.1,1.0,0
273.3,51.9,4.5,378.3,2.3,23.5,7.8,25.5,11.7,186.3,4.9,1
277.1,3.8,8.0,951.5,3.4,20.6,3.4,20.6,11.1,174.3,1.0,1
262.2,55.1,7.4,93.3,3.5,15.6,7.1,21.0,0.6,140.3,2.4,0
184.0,78.6,4.0,164.2,3.1,27.1,7.7,5.2,12.0,170.6,0.3,1
228.6,26.2,0.6,939.9,2.6,29.6,6.8,5.9,10.4,154.2,4.4,0
264.6,25.3,0.9,192.0,1.5,6.7,6.0,8.3,14.8,151.7,3.9,0
198.6,14.3,9.0,949.5,2.3,22.1,7.2,7.3,8.3,192.1,0.5,0
251.0,78.3,3.0,952.3,1.6,11.7,3.6,19.9,14.1,187.4,4.4,1
163.5,18.2,5.8,959.1,3.9,25.2,8.3,14.0,7.8,178.8,0.8,1
182.9,34.1,8.8,908.6,1.9,18.9,7.3,9.2,2.1,169.5,7.0,0
274.5,8.7,8.0,359.2,2.3,26.3,9.4,16.1,13.8,143.0,6.2,0
182.7,50.1,8.2,352.9,3.1,25.4,7.4,18.3,0.3,185.3,1.5,1
204.5,21.7,3.3,163.8,2.3,29.9,3.9,26.4,2.9,173.1,5.6,0
190.0,32.6,2.0,772.1,3.7,16.7,3.6,19.4,1.8,163.4,0.6,0
182.4,45.9,0.9,700.0,1.7,27.2,6.9,29.3,12.6,185.8,3.4,1
161.7,43.6,5.2,1031.2,2.3,15.7,5.6,24.3,6.7,197.0,2.4,0
172.1,79.6,8.4,451.2,3.8,24.0,6.6,11.5,14.6,167.3,5.2,1
262.0,18.1,6.8,1064.7,3.9,19.9,8.2,8.7,3.6,168.8,5.5,0
182.4,23.2,8.4,357.3,3.8,22.6,7.1,6.0,7.8,174.0,2.8,1
272.9,65.7,3.6,652.9,3.6,11.0,3.5,13.3,6.9,151.4,0.4,0
179.4,19.8,8.0,941.0,1.6,7.5,9.1,29.3,6.4,187.6,6.4,0
260.9,43.3,5.1,196.9,1.5,9.2,3.8,5.8,0.2,154.8,6.8,0
193.2,13.3,7.5,461.6,3.6,23.9,8.7,5.0,2.3,153.7,5.2,1
167.2,26.1,4.0,737.4,3.0,19.2,2.2,27.4,5.3,159.4,0.9,0
238.7,48.9,4.0,769.7,2.0,21.4,5.5,14.8,0.7,154.2,4.6,0
267.5,57.3,7.3,885.5,2.4,28.1,8.7,18.8,1.6,169.3,2.2,0
258.3,56.9,6.1,129.4,2.6,8.8,5.3,26.8,5.1,178.3,3.4,0
224.3,37.0,9.5,1055.7,3.7,20.9,2.7,26.2,8.2,149.5,2.3,0
187.4,63.6,8.4,208.5,2.1,23.0,3.5,28.5,10.4,190.0,1.5,1
205.3,40.1,1.7,890.6,2.4,17.1,4.8,24.1,6.5,149.2,0.1,0
267.9,66.9,5.6,186.2,2.5,10.1,10.0,8.9,2.7,158.4,5.9,0
225.5,14.4,9.3,843.2,3.1,10.2,8.6,19.4,11.9,196.2,1.2,1
258.2,39.2,0.2,763.0,3.4,17.5,5.1,17.6,3.6,154.8,2.7,0
174.3,71.2,1.2,652.6,2.4,27.9,5.3,24.4,9.0,149.8,2.5,0
209.1,20.7,3.6,404.9,2.6,18.4,4.4,10.1,9.9,156.1,1.7,0
214.7,31.4,8.3,758.5,1.8,14.4,3.7,14.1,3.1,154.7,5.4,0
202.2,65.3,3.0,168.5,1.8,25.3,6.2,13.6,12.5,158.4,3.2,0
251.7,2.0,4.3,642.6,3.3,10.6,7.6,11.3,6.1,167.8,4.9,0
221.9,77.4,2.0,2.2,2.2,22.9,7.5,21.3,6.1,155.2,5.7,0
264.9,4.9,8.6,1021.4,2.1,10.5,9.4,26.9,7.5,142.2,2.3,0
265.7,16.8,8.9,1030.2,3.4,10.7,2.8,29.6,12.9,176.2,1.0,1
184.6,22.3,0.8,1032.0,2.7,18.3,6.6,27.2,11.2,180.9,4.0,1
237.5,14.4,9.3,648.3,2.7,16.2,4.2,25.0,5.4,170.6,3.4,0
267.8,41.8,0.7,31.1,1.8,26.5,8.6,9.3,3.6,186.9,3.2,0
230.2,59.9,4.5,400.2,1.8,13.6,4.5,15.8,0.4,154.0,2.0,0
205.7,56.8,1.3,39.1,2.9,9.9,2.0,28.7,11.1,147.6,2.5,0
278.6,31.6,1.1,525.6,3.7,9.0,6.2,8.9,6.4,193.5,5.1,0
166.3,45.2,1.0,234.7,3.8,15.5,3.3,22.1,13.5,155.9,0.6,0
173.2,64.0,1.0,681.6,2.8,29.3,6.1,8.3,5.3,182.9,3.3,1
190.6,34.5,1.2,322.6,2.1,8.7,9.5,24.2,13.1,197.1,4.8,1
260.8,13.1,7.5,402.5,2.7,24.7,7.4,25.0,9.9,169.1,5.9,0
174.3,59.1,0.0,1067.8,3.9,27.6,7.7,19.2,5.8,169.7,4.9,1
194.8,73.9,3.1,274.1,2.4,11.5,8.4,26.1,14.5,165.4,6.7,1
239.3,38.3,5.3,55.6,1.7,27.3,4.3,8.4,5.6,172.8,2.0,0
187.9,40.0,4.9,448.6,2.7,28.4,8.6,8.9,10.6,150.7,4.5,1
259.4,46.1,8.0,87.0,1.7,13.8,9.7,27.8,3.8,177.8,6.3,0
260.0,72.4,3.7,124.9,2.2,13.0,9.1,8.8,8.6,191.0,4.1,0
208.6,37.2,7.3,590.9,2.4,7.8,5.9,5.5,9.7,164.3,4.0,0
234.7,78.1,6.7,461.2,1.8,14.9,6.9,17.7,3.9,176.9,5.1,0
242.9,28.0,6.8,780.5,3.5,7.6,7.3,8.8,6.4,196.5,7.0,0
263.1,45.7,7.1,162.3,3.0,24.6,6.9,24.6,7.3,197.4,5.7,1
276.5,53.1,2.1,851.4,2.2,29.8,5.9,19.4,12.8,156.5,5.8,0
228.8,38.2,6.2,626.0,1.6,6.3,7.4,17.6,14.1,154.6,5.9,0
235.0,34.0,0.0,482.9,3.2,5.4,4.1,13.0,1.2,177.5,3.5,0
195.7,57.7,6.3,878.4,1.8,8.3,7.5,17.8,14.7,174.5,5.1,1
257.5,71.2,3.0,65.2,2.2,5.7,6.7,18.5,6.4,154.1,1.3,0
215.7,31.9,4.6,370.0,3.1,10.4,6.9,21.4,7.6,174.5,6.2,0
276.3,31.4,2.6,918.9,2.1,19.3,8.4,21.8,0.2,144.7,6.8,0
170.2,41.4,6.0,454.1,3.9,14.1,7.4,17.6,6.7,172.8,1.6,0
222.9,41.5,4.6,124.3,2.3,13.7,7.8,5.4,8.4,198.5,1.2,0
165.4,15.7,9.4,627.3,1.8,10.9,6.4,27.5,2.0,194.0,3.1,0
193.6,55.9,2.2,96.0,3.7,11.1,3.2,15.7,6.4,147.3,5.4,0
180.4,3.2,0.3,322.0,3.1,12.1,8.2,14.4,3.9,169.3,0.9,0
263.4,28.2,3.3,18.8,3.9,12.6,2.2,23.6,2.7,170.6,0.2,0
250.5,62.5,1.7,1005.2,2.3,21.0,9.2,9.5,7.3,162.4,2.7,0
189.6,76.0,6.6,417.5,2.3,21.7,7.8,20.8,6.8,145.5,6.5,0
225.4,36.6,3.7,903.3,3.1,14.1,8.1,7.2,11.2,153.1,7.0,0
164.1,37.3,1.1,853.1,1.7,8.7,4.2,18.6,1.2,175.4,4.9,0
240.9,61.2,9.9,360.1,2.3,27.2,4.1,5.6,8.7,185.0,1.3,0
176.4,2.1,4.2,205.5,3.6,29.0,2.0,20.2,3.2,177.9,2.0,1
196.3,17.8,8.5,1028.0,2.9,9.5,3.7,27.0,8.2,141.3,6.1,0
241.2,24.6,3.9,4.7,3.5,23.3,4.2,25.0,3.3,182.2,0.8,1
231.0,40.5,0.0,622.4,3.2,14.2,9.6,17.2,13.4,179.9,0.4,1
210.5,59.8,3.5,489.7,1.5,6.4,7.3,18.3,5.1,171.4,6.7,0
250.2,79.5,9.7,531.0,2.1,14.5,6.2,5.5,1.3,187.0,5.8,0
222.8,48.8,9.8,827.5,2.4,11.0,6.0,29.9,0.3,155.6,5.5,0
251.3,42.1,4.2,282.2,2.4,15.2,6.8,16.8,10.1,170.0,3.7,1
259.7,62.5,4.2,473.4,3.4,7.0,8.6,15.2,13.6,162.7,5.5,1
178.7,39.0,3.7,4.6,1.7,14.0,9.9,16.1,7.4,141.3,5.0,0
169.2,11.0,0.5,1007.2,2.8,8.1,6.3,27.1,4.5,188.6,5.6,1
212.3,20.3,2.1,989.5,1.8,21.6,7.3,21.3,3.3,193.7,4.2,0
270.9,78.0,1.5,647.5,1.8,29.6,2.1,7.7,0.7,158.0,4.9,0
202.9,20.9,0.6,986.8,1.7,20.1,2.5,10.2,4.0,160.9,2.5,0
251.4,13.6,1.6,943.2,2.7,22.1,3.7,18.4,4.4,192.3,3.2,1
184.7,42.0,4.9,628.5,2.1,18.1,7.4,26.5,13.4,174.2,0.2,1
265.3,48.7,6.6,207.0,4.0,7.2,9.3,7.2,3.5,154.9,6.5,0
246.3,23.7,7.0,952.3,1.8,6.8,9.7,20.7,9.0,174.4,5.6,0
251.0,52.9,3.0,1032.5,2.2,27.7,6.1,21.2,0.4,199.6,6.7,0
167.2,41.1,9.9,1029.1,1.5,25.8,8.9,15.0,0.2,190.5,4.4,0
168.6,13.0,3.8,710.3,3.1,23.0,8.1,15.4,6.6,169.9,2.8,1
232.1,1.5,2.8,208.4,1.5,10.6,5.7,20.1,14.4,180.2,5.5,1
224.8,54.4,7.6,866.8,2.5,27.7,4.1,9.1,2.6,180.7,2.6,0
265.8,46.0,5.2,621.3,2.1,13.2,2.6,22.3,1.9,189.4,1.6,0
278.5,28.9,2.1,698.3,2.7,26.2,7.9,17.7,7.3,192.0,2.7,1
207.4,54.8,1.2,835.8,2.3,11.0,3.8,19.2,4.9,169.8,5.9,0
220.5,70.6,2.4,583.3,1.8,22.5,4.5,23.6,13.7,184.0,3.8,1
185.3,35.1,2.0,471.4,3.9,11.5,6.2,27.4,10.4,156.9,1.8,0
245.9,52.8,8.7,478.1,3.8,6.1,5.2,14.3,8.1,167.5,4.2,0
233.8,41.1,4.3,303.9,2.5,12.2,5.5,15.5,1.3,178.7,2.4,0
260.1,77.3,6.8,314.3,3.3,20.4,4.4,14.8,12.9,156.0,6.3,1
232.9,70.9,3.1,462.2,2.4,14.7,4.4,18.6,13.4,185.6,2.4,1
175.2,40.2,4.2,640.2,3.6,14.6,7.8,17.6,0.4,140.2,0.5,0
192.0,46.5,1.3,278.9,2.6,10.2,7.7,12.0,6.7,182.3,1.4,0
188.5,25.2,0.0,4.9,2.4,19.0,2.7,18.2,3.2,152.6,6.0,0
167.8,24.4,8.8,721.2,3.9,7.6,9.2,7.9,10.7,140.0,6.1,0
244.7,53.2,2.6,325.1,1.5,7.7,2.5,16.0,9.7,176.0,0.6,0
217.2,70.2,0.2,878.6,1.8,8.3,8.8,19.4,13.4,164.7,5.3,1
222.9,27.1,3.7,1072.5,2.9,12.8,4.5,15.8,8.3,149.3,6.9,0
249.5,44.3,9.5,130.1,3.3,13.0,4.9,23.7,10.7,141.5,2.2,0
172.9,17.6,4.4,288.1,3.1,29.5,8.7,29.1,14.0,178.3,5.1,1
205.4,25.5,6.8,14.6,3.3,20.7,2.5,20.9,5.4,182.9,1.4,1
170.2,19.5,8.4,233.0,2.1,27.3,4.9,13.9,4.8,188.6,1.6,0
179.8,29.2,1.5,542.5,2.0,20.2,8.4,7.5,11.4,147.2,4.1,0
180.5,9.9,4.2,695.6,1.9,7.0,9.9,17.0,7.9,182.7,6.7,0
223.1,64.8,7.3,116.0,3.8,10.4,5.3,25.7,5.7,190.8,1.0,1
248.9,3.9,6.7,247.5,3.4,14.0,5.5,10.2,10.2,191.1,0.8,1
213.8,69.3,9.0,314.3,3.1,25.7,9.8,10.4,3.8,146.5,0.1,1
252.1,41.3,9.8,816.5,3.2,8.6,3.9,17.1,5.3,168.7,1.1,0
268.5,51.5,0.9,483.1,3.4,15.6,4.6,11.9,1.9,162.2,6.7,0
170.9,67.9,9.3,938.6,1.7,11.9,9.3,12.4,8.2,172.8,5.5,0
256.9,77.0,9.4,1005.2,3.6,13.4,2.2,17.3,8.8,163.2,4.1,0
196.5,61.5,3.2,637.5,1.5,15.0,6.7,8.2,4.0,199.7,0.5,0
277.2,75.9,3.9,726.2,2.0,15.1,8.5,26.1,7.7,178.5,2.3,0
268.8,65.3,7.0,844.4,2.1,28.3,8.0,28.6,1.0,182.8,3.6,0
197.6,71.2,3.1,703.8,2.1,14.0,9.4,16.5,3.3,185.2,0.6,0
167.9,66.8,9.3,541.7,4.0,6.1,9.3,16.2,10.5,160.1,3.0,1
177.7,69.5,5.3,811.9,3.3,29.1,3.1,17.5,4.5,156.0,3.8,1
245.6,68.1,10.0,620.2,2.9,28.0,6.4,20.2,10.5,157.4,5.2,0
215.4,59.0,9.6,779.6,1.8,18.7,5.2,25.0,3.7,197.8,1.3,0
195.1,38.2,5.2,166.5,3.2,20.7,4.2,16.5,14.6,169.4,3.6,1
201.8,21.8,1.3,216.8,2.1,21.3,8.8,8.3,0.6,160.3,1.2,0
200.1,37.3,5.8,676.4,2.1,24.1,4.9,13.3,11.5,186.8,0.1,1
264.9,66.9,8.0,536.0,2.2,28.6,6.2,18.6,13.6,197.9,4.3,1
237.2,27.2,8.5,56.6,3.2,25.8,7.8,24.7,3.9,194.5,6.3,1
183.7,4.1,0.7,17.5,2.2,14.8,3.8,17.2,1.9,152.2,4.6,0
242.0,3.9,1.3,585.2,2.9,13.7,7.0,23.7,1.0,167.6,3.2,0
216.8,17.4,4.6,664.4,3.3,12.6,7.6,7.6,5.9,146.7,1.2,0
264.9,6.3,9.2,985.5,2.1,23.9,7.2,28.1,11.5,185.7,5.8,1
164.4,5.8,5.5,205.8,2.1,28.1,8.8,24.6,13.5,188.9,6.5,1
239.2,53.6,7.1,446.6,3.8,27.6,9.8,13.6,2.3,180.3,0.5,1
220.3,7.1,5.9,587.5,1.9,25.3,2.6,16.5,12.7,184.6,1.9,1
240.7,15.1,0.4,929.2,3.8,6.4,6.1,27.3,11.1,146.8,5.7,0
218.4,33.1,2.5,305.0,1.7,18.3,6.4,27.9,14.3,193.9,1.2,1
229.8,26.8,1.2,28.6,1.9,26.6,3.1,21.5,2.1,176.8,1.1,1
187.7,69.1,0.4,148.7,2.3,9.2,5.8,17.2,7.5,177.4,2.1,0
181.0,69.4,8.5,650.5,3.0,24.8,8.3,26.0,12.0,199.1,5.6,1
204.4,72.7,1.5,725.3,2.4,16.9,2.5,26.7,1.1,186.9,1.8,0
181.1,43.9,4.8,148.7,2.0,10.7,6.2,28.0,8.0,159.8,0.1,0
171.6,34.8,9.0,896.9,2.2,18.6,7.0,13.2,2.3,166.3,0.7,0
181.4,77.7,6.2,607.9,1.7,28.7,2.7,5.8,10.7,185.0,2.0,1
186.4,51.7,5.6,421.8,2.5,23.7,2.3,26.1,7.8,177.9,2.9,0
164.6,31.2,0.7,102.6,3.1,7.0,6.5,5.4,0.9,187.0,1.3,0
217.5,4.6,6.1,902.4,2.5,27.5,8.7,29.3,11.4,158.1,2.7,0
180.5,48.8,0.1,969.2,2.4,26.7,4.6,25.3,11.0,184.7,4.7,1
250.4,18.9,4.1,1077.6,1.8,16.7,5.5,29.4,13.7,175.7,6.1,1
264.5,24.2,4.7,40.4,4.0,18.8,2.5,9.8,12.2,196.7,6.8,1
203.8,10.4,7.7,1012.0,3.3,11.7,5.5,12.3,3.7,147.0,5.4,0
245.1,22.2,1.4,545.1,2.7,15.8,8.1,5.2,13.3,184.6,2.0,1
204.5,76.1,4.1,547.0,3.8,19.8,5.5,29.4,15.0,140.7,1.8,0
214.7,2.9,7.1,622.1,3.9,17.1,5.2,19.2,4.0,166.2,3.2,0
199.2,79.4,9.0,83.1,3.8,15.2,9.6,14.1,2.4,184.0,0.1,0
196.0,18.9,9.8,482.6,2.0,24.4,3.6,23.7,6.1,197.7,5.1,0
237.5,47.0,7.3,138.3,2.1,19.4,5.5,8.8,8.9,146.6,0.6,0
259.3,14.0,8.3,214.3,2.3,23.4,5.7,22.9,6.4,171.0,3.6,0
219.6,67.5,9.7,32.8,1.7,24.4,10.0,29.3,5.2,148.5,3.3,0
232.3,24.9,6.4,189.7,2.4,18.5,5.7,17.0,8.8,167.4,4.2,0
235.2,71.0,7.9,958.8,3.5,7.5,3.0,28.0,14.0,197.3,5.2,1
248.0,63.4,2.5,720.1,3.4,15.4,7.4,19.7,6.2,160.1,1.9,0
204.3,43.9,4.3,801.2,3.1,7.4,9.2,11.0,1.6,142.7,5.3,0
165.0,27.7,4.5,659.4,3.9,14.7,4.6,7.4,6.3,188.0,2.8,0
262.7,61.5,0.3,601.6,2.6,20.4,8.7,14.7,9.7,151.4,3.5,0
269.4,17.4,6.5,193.8,2.0,8.3,5.0,23.9,14.4,164.1,4.8,1
276.8,29.3,3.8,778.1,2.3,7.4,7.6,7.3,13.3,152.1,0.5,0
246.4,67.4,6.2,820.7,3.8,15.9,5.6,6.2,14.1,179.3,1.2,1
260.5,59.9,8.0,975.8,1.7,6.0,2.8,21.7,13.6,183.5,0.2,1
189.6,45.5,2.9,72.1,2.4,12.2,9.9,24.4,6.1,198.5,3.7,0
188.2,26.2,9.7,994.3,2.5,11.0,4.7,27.8,9.2,194.5,0.2,0
257.8,39.7,7.6,1062.2,3.5,8.1,8.8,18.7,3.6,165.0,0.1,0
258.0,39.8,0.4,936.9,2.9,23.1,5.8,14.7,13.5,187.4,5.7,1
275.3,44.7,6.8,225.4,2.5,16.5,6.6,23.9,4.0,151.2,7.0,0
206.7,70.5,5.8,802.2,2.4,17.4,5.0,29.6,3.8,188.2,5.7,0
219.1,18.1,4.3,1064.8,3.9,25.0,5.9,14.4,9.7,190.1,5.2,1
223.3,75.6,1.1,715.6,3.3,27.6,5.5,7.0,10.6,176.8,4.8,1
206.6,58.1,7.1,197.6,3.4,16.4,2.6,12.4,2.5,151.9,3.0,0
195.4,22.7,4.7,337.5,2.3,8.7,5.1,15.7,6.8,195.0,3.6,0
216.0,61.9,7.6,750.8,2.7,11.9,5.6,5.0,11.6,175.9,4.6,1
184.6,10.2,2.8,590.6,2.0,19.8,4.1,7.5,2.0,158.9,0.7,0
164.6,39.0,0.1,726.2,1.6,6.3,8.2,7.6,4.8,171.1,0.6,0
232.5,4.0,4.1,938.4,3.2,9.8,4.1,21.3,4.5,171.3,0.4,0
161.4,61.4,3.3,494.6,3.9,17.9,2.7,11.0,9.4,195.3,5.9,0
271.6,65.7,0.1,452.9,3.3,14.6,2.6,19.2,8.5,177.0,4.7,0
220.8,29.2,1.3,82.0,1.8,20.4,6.5,26.6,7.8,148.7,1.2,0
206.9,15.6,1.4,821.3,2.6,11.9,6.0,7.2,0.1,174.0,5.1,0
236.4,58.4,2.5,1027.5,1.7,16.0,2.0,5.5,4.1,146.6,6.7,0
276.6,14.5,4.7,599.6,2.0,26.0,3.6,10.8,7.5,158.9,5.1,0
256.1,61.3,8.1,653.7,1.6,10.2,6.7,15.7,3.3,195.0,3.7,0
166.9,56.3,1.5,450.3,2.3,6.5,6.7,21.2,1.6,172.1,6.1,0
277.5,48.7,6.4,24.7,3.1,26.5,4.8,9.7,12.2,193.7,1.9,1
234.5,66.1,5.8,632.4,2.5,16.1,6.5,7.3,4.7,158.7,1.7,0
196.4,63.2,3.6,875.8,2.0,26.2,9.1,10.7,4.8,143.1,1.3,0
183.8,30.0,0.7,677.9,3.2,14.2,5.2,24.4,7.2,173.6,4.1,0
252.4,13.6,4.4,496.2,3.3,9.9,7.9,27.2,14.6,197.6,6.0,1
264.6,36.2,5.1,213.0,3.7,16.4,7.8,10.2,12.8,171.4,1.5,1
236.2,55.0,2.6,794.5,2.8,23.7,4.4,8.2,9.4,190.1,7.0,1
228.5,67.4,9.8,401.1,3.6,16.3,3.2,25.3,10.6,169.1,0.4,1
202.9,43.5,9.0,174.5,2.7,28.5,7.0,7.6,1.5,143.1,6.3,1
190.5,39.0,1.4,878.1,3.1,26.9,5.3,17.9,3.7,167.9,2.9,1
236.6,56.9,5.1,96.2,3.2,11.8,5.5,13.7,7.2,155.8,0.9,0
273.8,3.8,0.4,791.2,4.0,6.1,6.1,23.1,7.0,176.3,2.7,1
223.2,64.8,2.5,404.9,2.8,28.4,2.2,16.0,4.3,157.5,5.9,1
208.9,77.3,1.7,866.1,1.6,5.7,6.2,14.1,1.5,176.8,3.2,0
237.1,4.4,9.1,680.1,2.4,15.9,2.8,30.0,14.7,181.2,0.1,1
279.8,67.1,7.3,700.0,1.5,21.3,7.7,15.1,9.2,160.9,3.0,0
189.3,38.8,1.1,822.3,3.0,15.4,9.0,19.0,13.5,172.1,4.0,1
274.1,37.4,9.7,479.3,2.7,29.8,5.4,20.6,5.4,195.2,6.7,1
242.4,71.1,9.4,910.5,2.9,5.6,4.3,17.8,8.4,160.3,3.8,0
224.9,37.0,7.4,1016.8,2.8,25.8,3.1,8.3,6.1,157.8,4.0,1
237.4,56.3,5.5,784.5,1.7,16.1,6.7,13.8,3.0,198.8,6.4,0
266.6,64.2,5.4,83.5,3.6,29.1,2.8,19.3,4.7,156.7,5.6,1
265.2,45.1,5.9,850.3,1.8,20.7,5.8,13.8,11.8,191.1,4.9,1
271.1,46.6,8.6,887.8,2.1,24.8,8.6,10.7,10.4,162.8,4.8,1
222.7,21.7,2.7,283.7,2.8,18.1,2.7,19.4,6.6,143.5,1.7,0
186.0,17.9,3.8,963.0,3.4,25.0,5.5,15.3,14.8,193.0,0.1,1
216.9,71.4,8.7,429.4,2.2,11.6,6.6,12.7,9.6,179.5,5.1,0
214.5,25.3,4.8,376.8,3.5,13.1,5.4,15.8,2.9,151.6,4.5,0
235.6,57.5,9.9,534.7,3.4,6.3,7.0,28.6,7.3,154.7,2.2,0
219.4,22.6,3.6,833.4,2.5,6.5,2.8,26.9,12.2,151.8,5.9,0
161.3,12.7,8.2,373.2,2.6,22.2,3.8,10.9,6.8,192.3,3.0,0
209.1,18.8,1.4,1008.9,1.9,5.2,7.3,27.8,14.5,173.3,7.0,1
184.4,53.0,4.4,357.0,3.8,16.2,5.6,19.6,6.6,174.1,5.5,0
241.6,33.1,8.0,470.8,2.6,10.7,9.9,20.3,3.4,147.1,5.2,0
186.0,11.1,4.2,944.5,2.7,12.6,7.5,19.6,5.6,181.4,6.3,0
234.5,61.3,9.1,424.0,2.0,6.7,7.8,12.6,2.0,176.2,4.1,0
175.1,16.3,6.0,1014.6,3.3,8.5,9.6,22.9,12.2,193.3,1.1,1
257.7,26.4,2.1,583.5,3.4,20.5,5.4,27.8,4.8,185.5,4.0,1
192.8,20.6,6.5,978.9,3.5,8.9,7.6,24.1,3.6,186.0,5.2,1
203.9,54.7,8.8,330.8,2.9,5.6,4.1,16.1,5.7,196.4,5.4,0
248.2,32.1,7.2,122.6,1.8,8.8,4.4,25.2,5.5,185.8,5.0,0
194.9,47.0,5.3,424.0,2.3,25.2,4.3,24.4,3.6,185.8,3.6,0
192.5,71.8,4.1,1023.1,2.6,13.2,9.0,9.5,7.3,144.2,3.6,0
278.2,47.8,2.2,447.6,3.0,23.4,5.0,25.0,0.9,188.7,2.5,1
199.0,78.0,8.8,352.4,2.3,9.3,5.9,24.3,0.9,171.9,6.0,0
257.0,40.9,4.2,918.4,3.8,23.5,2.9,26.9,4.7,189.2,2.9,1
161.6,6.4,7.0,344.9,2.0,12.0,9.1,16.7,6.9,143.4,2.6,0
251.1,5.9,2.0,825.1,2.3,26.0,5.0,27.9,12.4,190.9,3.6,1
219.6,9.5,1.7,154.0,3.7,22.1,3.0,7.9,7.9,151.8,1.6,1
213.3,73.6,3.3,151.4,2.8,17.5,2.9,20.0,11.4,197.0,6.0,1
230.0,40.5,4.3,529.8,2.2,29.7,2.4,25.7,12.2,148.0,3.7,0
261.4,23.0,6.3,726.2,3.1,15.4,9.3,13.4,9.9,182.7,2.3,0
233.9,65.8,2.3,763.3,2.5,22.2,2.0,16.2,12.3,187.7,1.7,1
200.6,17.9,9.7,315.2,3.7,17.7,3.0,10.3,4.5,186.4,5.3,0
276.0,38.7,5.2,319.7,3.2,16.7,7.9,16.6,14.5,156.3,5.0,0
185.1,59.1,6.2,280.2,2.2,11.4,6.2,6.5,9.4,184.7,4.6,0
208.5,2.5,8.6,846.2,2.2,20.9,9.4,19.2,5.6,164.4,1.3,0
197.1,49.7,9.7,743.1,3.5,15.7,6.0,23.3,5.2,170.9,1.3,0
219.8,43.9,0.7,274.2,1.7,16.5,8.0,24.3,4.6,184.4,2.8,0
221.0,77.0,6.7,585.6,3.6,16.7,8.3,13.8,13.1,193.9,1.8,1
223.5,79.7,8.4,266.1,2.6,8.1,5.0,12.2,2.2,175.7,4.7,0
277.2,5.5,0.3,221.2,1.6,11.0,6.3,5.5,11.9,152.9,6.5,0
260.2,8.8,5.1,1073.0,2.3,27.0,6.0,11.5,6.6,172.8,4.3,0
257.0,8.2,6.5,799.5,1.8,24.7,5.5,10.4,4.4,145.0,6.5,0
242.1,54.5,6.2,289.2,2.0,12.3,4.3,24.9,10.9,178.7,5.4,1
229.7,56.8,5.8,45.3,3.4,28.3,2.9,12.1,8.5,199.5,1.6,1
257.5,78.1,0.8,696.6,3.1,26.3,6.5,12.6,10.9,160.4,3.6,1
185.3,21.3,2.5,687.9,3.5,23.7,3.6,22.9,1.0,194.7,3.6,1
239.7,36.8,5.8,515.3,3.2,14.7,4.8,14.5,13.6,163.3,1.3,1
197.9,22.6,8.0,246.0,3.8,24.6,3.7,15.6,6.4,159.4,1.7,1
277.3,39.0,7.8,6.4,2.8,19.9,6.8,21.5,7.2,141.9,4.4,0
202.9,42.3,9.8,957.0,2.8,25.2,9.5,7.7,6.9,186.6,6.3,1
229.3,19.8,0.5,187.3,3.7,29.8,4.3,6.7,6.7,191.2,0.1,1
185.2,79.8,2.6,197.5,3.1,27.3,7.1,25.7,14.0,177.0,0.6,1
195.1,67.6,3.7,417.0,1.6,16.6,5.2,29.2,12.2,184.2,5.8,1
235.5,70.3,2.0,54.8,3.8,20.2,2.0,27.6,9.0,189.0,0.5,1
208.7,7.8,0.1,663.0,2.8,26.2,7.5,23.0,5.8,152.6,4.9,0
196.6,60.3,9.5,703.3,3.7,26.7,2.3,30.0,11.1,155.6,4.6,0
161.9,63.4,2.4,862.1,3.2,10.8,5.6,10.3,5.1,161.2,2.1,0
209.3,11.2,3.4,946.5,3.8,9.3,8.0,13.4,14.0,148.0,0.9,0
251.0,75.3,0.0,339.3,3.8,17.5,6.8,16.3,4.3,190.9,1.6,0
166.1,74.4,2.3,188.2,2.1,10.9,8.1,25.8,2.0,173.4,1.5,0
220.2,19.7,2.1,98.2,1.9,29.5,5.5,28.2,10.4,186.0,1.1,1
249.5,39.1,3.3,397.2,1.8,11.0,4.9,26.5,6.4,191.7,5.7,0
212.2,2.0,5.7,141.9,3.5,22.7,3.8,19.0,3.4,167.6,3.1,1
225.3,32.6,6.2,884.4,3.0,21.1,5.6,29.9,12.5,193.1,5.2,1
236.2,49.9,2.2,1006.0,3.7,15.4,5.9,9.8,7.0,141.8,2.2,0
198.6,41.5,9.7,48.9,3.0,18.1,7.7,19.1,11.7,143.0,2.7,0
254.0,53.4,8.5,221.5,3.6,25.4,5.0,12.3,8.6,167.2,3.4,1
209.1,23.1,2.4,1065.2,3.2,25.9,8.8,21.0,2.5,171.2,0.4,0
235.0,2.2,0.4,330.8,2.2,24.4,5.9,28.3,5.8,173.8,3.8,0
168.0,55.7,8.8,1054.9,3.9,30.0,3.6,8.0,9.5,157.6,0.8,1
242.2,66.1,5.5,767.3,2.5,15.0,8.5,6.1,2.5,197.6,0.9,0
241.3,50.4,5.9,337.1,1.7,14.2,9.0,14.5,13.9,157.6,1.3,0
173.8,21.0,4.7,642.5,3.7,13.2,6.0,24.3,12.7,183.6,1.4,1
186.1,70.7,5.3,1011.5,3.0,27.6,5.3,27.3,4.1,149.7,2.4,0
195.2,33.8,6.8,628.3,2.6,22.1,5.5,28.8,1.3,186.5,5.5,0
161.1,45.6,8.4,716.6,3.0,12.5,8.5,18.5,12.0,143.9,0.2,0
225.9,7.9,9.4,32.6,3.9,10.5,6.0,10.2,3.6,191.9,0.5,0
202.1,44.1,8.4,568.2,3.6,17.1,2.5,12.9,14.3,152.6,4.8,0
239.1,29.7,0.3,413.8,3.9,21.4,2.9,24.7,6.8,172.4,3.5,0
243.1,67.9,0.9,430.1,3.5,17.4,7.8,6.0,14.3,164.9,4.2,1
221.8,78.8,0.8,1012.5,2.4,11.8,9.2,24.1,4.5,195.0,2.1,0
190.3,39.8,5.3,991.9,3.8,12.3,3.8,19.2,10.8,170.5,1.9,1
279.8,47.2,1.4,657.7,1.9,24.0,8.1,16.5,14.0,152.9,0.8,0
273.8,46.1,5.4,708.6,2.5,21.9,5.6,17.9,8.9,169.2,1.7,0
243.2,54.9,2.2,782.4,3.7,14.8,6.5,16.9,4.5,160.4,1.7,0
187.8,36.6,6.7,273.8,3.5,25.0,5.9,17.6,6.1,173.5,1.3,1
234.5,22.8,9.0,1002.2,2.9,17.4,5.8,25.4,3.9,197.5,0.4,1
175.9,15.0,2.0,506.5,3.2,28.5,4.7,11.0,2.6,190.3,6.6,1
206.7,70.6,3.1,721.5,3.2,12.5,2.7,6.4,5.3,181.3,6.8,0
208.6,8.1,3.1,717.3,1.6,24.9,9.1,24.4,8.4,170.5,4.9,0
241.9,65.0,1.2,1002.8,1.5,28.9,4.7,23.9,0.2,167.2,5.3,0
270.9,58.8,1.0,220.4,1.6,15.9,8.7,6.3,5.0,193.2,2.2,0
166.8,61.1,9.5,804.8,3.1,12.3,6.1,17.9,12.6,140.5,6.6,0
259.0,49.2,4.7,924.1,2.7,17.9,6.8,28.5,5.0,167.0,5.8,0
256.6,17.3,3.2,1059.8,1.7,8.3,9.8,24.5,6.7,162.6,4.5,0
169.0,65.4,9.2,107.3,2.9,12.0,10.0,18.9,5.2,159.7,6.2,0
188.9,10.8,2.8,911.3,3.7,24.5,5.4,29.4,8.3,188.8,4.4,1
223.2,46.7,1.4,121.8,3.1,7.0,8.6,19.0,14.6,141.8,6.4,0
160.9,77.6,8.1,773.9,3.8,28.6,9.7,23.1,8.7,156.8,5.5,0
171.0,59.9,9.0,164.9,2.7,29.7,8.3,6.4,12.7,146.6,0.3,1
274.9,60.8,7.4,353.6,3.3,5.6,9.9,17.2,6.8,169.8,1.5,0
274.5,61.6,2.5,627.5,3.8,24.7,4.9,22.8,14.4,175.3,4.0,1
174.4,35.9,6.3,428.8,1.8,19.3,8.5,18.1,13.9,185.4,4.3,1
163.6,52.2,1.2,972.3,3.2,20.0,9.6,20.6,0.7,148.1,0.5,0
269.8,38.7,9.9,1075.4,2.9,9.5,4.6,8.1,3.8,159.5,0.6,0
163.7,13.0,9.4,776.1,2.4,24.1,2.3,28.5,5.7,150.9,4.8,0
236.8,75.6,3.1,858.0,3.8,12.7,5.1,23.3,4.3,166.4,3.4,0
234.7,69.8,3.7,192.6,3.0,18.0,9.5,17.0,8.1,198.5,1.8,0
219.4,79.8,8.0,581.9,2.3,7.2,8.5,15.7,13.1,151.6,4.9,0
224.8,49.4,2.7,1022.9,3.4,14.2,8.6,16.0,12.0,160.0,6.9,0
257.7,15.0,6.8,503.4,2.7,15.6,6.4,14.0,0.9,150.5,6.1,0
177.0,17.9,6.2,687.9,2.3,16.4,9.4,11.8,11.2,163.3,3.1,1
256.3,1.0,0.9,85.2,3.8,29.0,2.3,10.3,14.8,191.7,3.9,1
185.3,36.2,10.0,28.1,3.1,27.1,8.2,26.7,12.8,153.0,5.5,0
196.2,56.2,1.6,743.4,2.4,25.9,6.8,28.3,7.3,175.2,1.2,0
169.2,44.5,5.3,507.7,1.5,19.6,9.9,18.0,7.3,153.1,3.7,0
171.9,11.9,1.5,545.2,3.1,19.1,7.7,7.4,11.0,158.8,6.8,0
202.7,18.9,5.0,323.9,2.8,28.8,2.7,17.3,12.9,195.7,1.9,1
269.9,6.1,3.8,801.2,1.6,8.3,8.9,5.9,2.0,147.8,6.8,0
210.2,46.8,5.7,437.8,3.5,9.7,7.7,21.2,4.0,143.3,0.6,0
241.0,76.5,3.5,892.3,2.1,18.8,8.1,16.1,1.3,163.0,1.0,0
228.9,32.5,9.2,792.0,2.4,21.0,6.1,9.5,12.1,140.3,5.4,0
218.3,50.5,3.0,122.4,2.2,27.2,3.1,20.7,2.8,148.9,5.5,0
229.0,79.7,2.5,665.2,2.9,16.5,5.1,15.4,6.1,199.4,4.8,0
163.4,39.9,8.8,507.3,2.1,12.4,9.4,23.2,9.7,173.9,5.8,0
183.5,19.3,3.3,175.3,1.9,14.7,6.3,5.3,12.1,169.2,5.6,1
176.6,60.1,7.6,866.6,3.0,5.5,6.6,23.1,12.7,195.5,6.4,1
170.7,56.7,3.1,1038.7,1.7,14.5,6.6,17.9,12.6,149.9,4.3,0
176.6,22.4,8.9,713.5,3.3,7.3,3.2,14.3,10.6,157.0,0.6,0
178.6,4.6,9.8,164.6,3.2,19.3,3.8,25.3,12.7,147.7,5.2,0
212.4,33.0,6.9,209.9,2.5,24.9,7.3,17.9,8.5,200.0,5.4,0
178.9,45.3,4.0,113.4,3.8,14.3,5.9,7.0,9.2,193.2,2.3,0
254.0,72.3,8.5,952.1,2.5,27.4,4.6,10.0,13.1,169.3,1.4,1
254.1,58.3,5.7,1079.2,2.1,28.1,4.4,13.7,1.4,196.2,5.6,0
278.0,72.7,7.9,868.2,2.8,25.3,9.6,28.2,12.4,158.7,5.6,0
263.0,17.5,4.2,299.9,1.6,20.8,9.9,19.1,11.5,148.1,6.7,0
256.2,48.3,9.4,599.6,3.8,10.2,4.4,9.5,12.6,141.5,5.1,0
197.8,35.2,1.4,1064.8,2.4,24.4,3.4,12.8,3.1,185.1,2.2,0
173.2,65.6,4.9,1028.8,2.4,8.0,8.2,14.5,11.7,200.0,0.1,1
235.0,35.8,9.3,802.0,1.6,29.2,2.5,14.0,0.2,161.5,1.5,0
185.7,72.6,9.4,375.2,1.8,22.5,3.8,27.6,8.3,193.1,1.1,0
255.2,19.0,9.8,694.4,2.0,16.1,3.3,24.3,9.1,188.8,6.8,0
219.2,71.0,1.1,528.0,2.0,5.1,8.3,24.9,11.0,184.3,3.6,1
184.5,38.6,5.9,67.4,1.8,27.6,6.5,29.6,0.9,194.8,2.4,0
160.5,50.3,4.1,892.2,3.9,10.5,3.2,19.5,6.4,159.1,6.2,0
183.6,17.1,9.9,608.7,2.8,16.4,2.9,18.3,4.1,144.1,5.7,0
211.6,1.8,2.3,123.6,1.9,23.7,5.9,12.1,2.5,171.1,3.8,0
247.3,27.4,1.0,923.2,3.5,26.7,2.5,14.5,2.4,177.9,1.9,1
274.2,25.8,3.2,857.9,3.1,10.7,5.1,14.1,5.9,148.0,5.4,0
162.4,36.8,8.1,512.9,3.1,25.5,9.2,6.3,14.4,187.5,3.9,1
166.6,43.4,4.4,778.4,1.8,21.8,4.1,16.8,0.7,149.4,6.3,0
274.7,37.3,0.7,951.6,3.8,8.0,5.8,29.8,5.6,145.1,2.6,0
168.2,76.8,7.6,279.8,2.3,12.5,5.0,12.3,9.9,188.6,5.9,0
219.6,3.6,1.0,787.5,2.7,22.8,2.5,27.7,4.7,155.3,0.6,0
278.4,71.8,6.7,1050.8,3.3,27.2,3.7,13.0,2.8,184.3,3.6,1
186.3,8.3,2.2,663.4,2.2,21.5,5.3,19.1,6.3,182.1,3.5,0
169.0,31.6,8.9,716.4,1.5,12.6,4.9,14.3,14.3,155.2,0.3,0
250.2,18.4,8.0,1045.0,2.1,19.2,2.9,29.3,7.3,154.6,1.9,0
263.1,28.7,3.4,323.9,3.9,21.8,6.4,18.5,1.6,199.9,5.6,1
261.4,77.3,2.5,91.6,3.1,13.0,5.8,28.8,8.9,162.0,3.5,0
262.1,38.1,9.6,245.5,1.9,22.3,6.8,28.6,13.8,179.4,1.9,1
200.1,47.6,9.7,848.7,3.1,9.9,9.3,25.6,4.8,163.6,0.1,0
269.1,12.1,2.1,566.5,3.1,14.5,9.1,5.1,13.4,193.8,4.4,1
253.9,14.8,4.2,801.3,2.1,18.4,9.7,8.0,1.9,172.1,4.7,0
257.5,53.7,4.9,846.1,3.1,22.9,3.6,21.0,4.6,199.9,5.8,1
217.6,15.0,2.5,260.3,1.8,24.3,9.2,25.4,2.1,148.9,2.1,0
204.2,46.0,2.1,1021.7,1.6,19.4,8.4,6.8,10.9,141.8,2.7,0
232.2,21.5,9.0,845.9,1.8,7.7,7.0,8.9,5.7,149.1,3.1,0
268.4,49.0,4.5,585.5,2.6,13.0,8.9,9.0,13.3,157.9,2.9,0
219.7,31.3,8.8,683.6,3.7,14.5,5.2,5.0,12.6,175.4,5.4,1
207.2,68.2,4.3,808.2,3.1,26.4,8.1,11.2,6.1,177.5,0.6,1
188.0,29.8,3.3,179.0,3.2,23.2,2.3,17.4,0.7,198.0,5.9,1
176.2,52.9,3.0,121.5,2.6,12.0,10.0,6.7,7.8,161.3,5.4,0
267.9,60.8,8.8,349.6,3.7,24.4,4.1,19.0,13.5,198.1,6.5,1
196.6,56.2,1.3,952.7,3.3,9.1,6.6,10.1,11.6,153.0,2.4,0
235.4,20.0,3.7,63.5,4.0,7.4,6.1,6.5,9.3,175.0,0.8,0
201.3,24.7,2.5,67.9,3.7,19.4,3.3,23.2,13.8,173.8,0.9,1
189.7,78.8,5.6,1035.8,1.9,20.8,7.5,9.0,5.2,172.3,4.3,0
173.8,9.3,9.2,300.2,1.5,23.1,4.3,16.1,8.4,197.0,5.7,0
258.5,34.8,0.3,886.7,2.4,15.2,7.4,6.8,4.6,187.3,1.0,0
259.5,79.7,0.8,475.9,2.9,8.6,4.6,18.1,12.6,181.5,4.7,1
201.8,47.2,4.5,100.9,2.1,22.7,5.9,29.0,13.5,174.8,4.6,1
166.7,53.4,6.8,396.7,2.3,20.3,8.5,18.9,3.1,164.4,4.8,0
271.0,25.6,8.4,631.4,1.7,28.7,3.6,12.9,2.6,143.0,1.5,0
261.1,35.3,8.9,619.4,3.5,27.4,6.6,7.7,4.3,147.8,4.5,1
162.5,49.1,7.9,633.8,3.5,19.0,3.8,20.9,2.9,147.9,0.7,0
274.8,48.3,9.0,825.6,2.8,11.2,3.1,18.6,1.7,188.6,5.2,0
269.7,27.9,4.0,1054.9,2.0,8.7,9.3,5.9,1.3,147.5,1.4,0
231.5,78.0,9.6,111.0,2.8,20.4,6.4,28.4,3.4,189.3,2.4,1
209.4,72.4,1.4,995.0,2.3,8.4,4.6,17.6,4.4,155.4,3.1,0
274.3,60.8,4.1,203.9,2.9,21.8,9.4,21.6,2.1,154.9,1.0,0
248.9,74.8,1.6,1065.5,3.5,25.5,3.3,11.1,2.3,161.5,4.9,1
164.4,15.3,1.1,903.0,2.0,8.5,8.6,21.3,2.7,151.3,2.4,0
187.7,16.6,7.3,435.9,3.5,10.2,8.6,8.1,2.2,144.7,0.1,0
250.9,31.3,1.2,861.2,3.5,12.6,2.9,8.9,11.8,144.1,6.6,0
241.0,44.3,5.6,857.4,1.6,26.5,3.5,15.7,6.6,172.1,2.4,0
264.5,52.0,9.9,974.2,3.5,7.0,8.1,13.2,5.5,174.0,5.5,0
216.2,35.1,7.0,1003.5,2.7,19.6,6.8,24.3,12.6,186.2,3.3,1
194.3,51.7,9.2,429.2,3.4,17.9,4.4,18.7,3.5,164.2,4.3,0
266.9,49.8,7.6,426.7,2.2,7.4,6.8,29.9,10.5,198.8,2.4,1
180.4,59.5,4.7,317.1,3.8,20.6,4.1,16.1,9.0,142.2,6.1,1
253.4,49.6,7.9,435.5,1.8,22.0,2.6,23.2,6.1,169.7,1.2,0
176.7,55.1,6.2,556.1,3.7,6.1,9.6,15.2,4.2,147.5,1.2,0
211.4,74.3,2.6,138.5,3.5,12.3,7.3,23.6,13.5,179.1,6.0,1
225.6,27.9,3.8,282.4,2.9,13.8,9.3,9.6,10.8,155.5,6.5,0
220.7,54.6,7.8,500.9,1.8,11.3,8.9,8.3,9.3,194.2,2.7,0
184.6,9.4,1.1,493.4,4.0,28.8,4.1,24.3,1.1,192.1,0.4,1
253.4,2.0,0.3,419.9,3.1,13.7,5.8,23.2,13.1,175.1,3.6,1
164.9,22.7,0.1,1031.8,3.4,19.6,9.8,23.6,2.2,192.4,6.7,1
256.8,59.4,5.0,419.4,2.9,8.5,3.5,18.5,11.5,167.6,3.5,1
182.0,58.3,6.1,596.3,2.9,7.3,7.2,29.2,0.1,141.1,0.1,0
252.5,19.5,7.2,887.4,3.5,18.9,3.1,16.2,9.9,185.0,6.4,0
232.3,71.2,3.4,1070.8,1.7,10.4,8.8,22.0,2.9,166.7,6.1,0
170.4,36.8,4.4,410.0,3.2,26.3,8.1,14.8,5.7,147.2,1.6,1
228.7,35.7,9.6,1000.8,3.5,15.5,8.5,24.5,9.0,192.6,5.3,1
275.2,28.6,8.4,138.0,2.8,23.7,4.1,12.1,14.2,191.3,5.6,1
210.6,60.6,3.1,689.6,3.9,12.2,4.2,21.7,14.3,156.3,1.7,0
231.8,33.0,0.5,919.2,2.0,26.3,6.4,10.8,4.7,141.2,2.7,0
260.7,12.0,8.8,765.3,3.8,12.5,4.3,7.1,7.3,168.2,1.7,0
224.9,17.1,6.5,929.2,3.3,10.6,7.0,25.6,10.9,143.1,4.8,0
217.5,71.9,7.3,202.2,3.8,17.7,9.9,24.9,5.1,178.5,3.4,1
278.6,62.9,1.7,467.1,2.2,9.9,6.1,22.1,4.9,186.7,4.9,0
165.6,7.6,10.0,685.8,3.2,29.4,6.6,16.3,11.0,156.7,2.9,1
219.1,42.9,3.1,484.5,2.5,20.4,10.0,8.1,1.1,183.9,5.2,0
232.0,10.1,10.0,1005.6,1.5,9.4,3.7,6.6,2.3,142.6,6.7,0
211.4,75.5,8.5,893.4,2.5,20.1,5.3,20.6,6.1,184.9,4.9,0
185.2,78.5,7.4,58.0,3.5,5.1,5.5,12.0,5.4,182.8,2.3,0
222.0,57.5,8.1,852.2,1.5,16.5,6.1,5.4,11.6,157.4,6.2,0
179.1,67.1,2.6,361.0,3.8,6.7,8.4,23.3,8.8,177.7,5.3,1
264.0,6.8,0.6,319.5,1.6,24.2,2.2,12.2,12.3,152.0,2.7,0
189.0,36.2,8.3,752.4,3.6,24.9,3.4,7.8,1.3,155.8,4.8,1
160.5,22.4,6.3,59.1,3.9,19.5,3.8,6.9,14.1,175.6,4.1,1
211.9,47.2,0.0,105.3,3.5,6.7,6.9,9.0,12.1,153.1,3.1,0
243.5,39.7,6.5,212.0,2.5,13.7,5.6,23.5,9.2,197.5,6.3,0
219.9,10.0,5.6,511.8,2.8,15.4,6.3,20.9,12.6,196.3,6.7,1
207.7,22.2,6.3,184.8,1.5,26.9,2.2,27.9,0.4,186.7,2.1,0
186.8,2.6,8.7,823.2,3.7,28.2,4.3,22.0,0.5,183.1,0.9,1
277.9,67.4,7.7,42.2,2.5,14.3,3.5,14.9,10.5,174.5,4.3,1
245.2,31.3,8.6,655.0,2.2,18.5,3.1,18.7,5.0,172.9,5.5,0
262.6,34.8,3.3,168.8,3.6,23.6,5.9,9.0,5.7,199.6,0.9,1
211.2,64.6,0.3,231.1,3.0,13.9,6.1,22.0,5.5,174.7,6.5,0
221.0,42.9,0.2,26.1,2.2,22.8,3.4,9.7,7.2,155.7,5.7,0
256.5,54.2,1.2,444.2,2.8,26.8,7.3,17.0,4.9,148.4,3.8,1
275.0,26.4,1.5,1032.7,2.4,5.4,9.4,20.5,9.3,192.5,6.6,0
171.8,49.8,9.9,1025.8,2.1,12.5,9.0,24.2,6.8,198.8,6.2,0
207.3,18.6,4.5,13.4,2.8,26.5,6.0,22.8,1.5,153.2,6.6,0
186.6,35.5,8.0,656.1,2.2,9.6,6.4,19.1,11.6,159.8,3.6,0
258.4,5.2,0.4,944.2,2.8,11.5,8.5,17.8,4.0,166.2,5.2,0
194.8,51.2,3.8,331.2,3.1,14.8,9.3,7.2,12.1,155.9,6.8,0
194.2,57.3,4.9,377.3,2.1,13.6,5.5,18.0,14.5,154.6,3.2,0
276.2,38.3,5.8,320.5,3.7,5.3,9.5,8.7,3.1,192.2,5.9,0
248.4,40.3,5.4,659.9,3.6,21.4,6.3,15.0,7.1,182.2,1.0,1
174.6,76.2,1.6,618.9,2.7,9.3,5.0,17.8,0.6,145.5,5.4,0
163.3,9.9,3.9,1015.1,3.6,21.5,4.9,9.6,0.1,164.7,6.7,1
174.9,55.7,9.0,267.2,1.5,5.0,9.7,16.7,13.3,190.7,4.6,1
211.6,5.2,0.6,152.8,2.9,12.9,2.5,28.0,14.6,160.6,6.6,1
233.3,43.1,3.9,531.9,2.7,20.9,3.7,29.0,14.1,148.8,4.0,0
234.8,43.9,7.6,1078.5,1.7,27.3,5.5,14.0,5.1,184.9,2.5,0
252.2,12.5,6.1,173.6,1.6,6.6,2.2,26.0,13.8,150.7,1.2,0
246.3,49.4,1.9,734.9,2.7,20.1,7.4,15.9,11.3,192.0,0.9,1
186.7,34.7,9.2,763.5,3.1,18.5,4.3,21.5,11.3,165.3,4.8,1
263.7,58.2,8.2,226.8,3.4,7.0,2.8,29.5,2.4,174.2,4.5,0
277.5,68.2,2.1,391.6,3.3,22.2,6.4,21.8,5.2,187.3,0.9,1
252.8,5.8,8.8,474.0,2.5,19.8,6.0,25.7,1.2,175.0,5.3,0
262.6,75.0,4.4,345.7,1.8,19.5,8.6,14.6,2.7,164.0,5.6,0
171.0,14.7,6.6,255.1,3.1,16.4,5.7,27.8,14.4,183.5,5.2,1
269.7,10.0,0.3,15.5,2.0,30.0,4.3,29.3,6.7,182.1,4.3,1
170.9,41.1,4.3,61.7,2.4,9.1,3.4,6.3,9.7,169.3,0.5,0
201.6,29.2,2.4,323.0,3.2,13.6,2.3,29.6,3.4,179.8,2.4,1
188.3,1.6,0.8,436.5,2.2,21.2,8.4,9.3,8.6,157.3,6.2,0
205.8,3.8,2.6,369.5,2.5,12.2,5.6,23.9,7.7,161.4,5.6,0
163.1,45.0,1.5,608.7,2.1,7.8,3.9,9.2,5.4,143.9,6.8,0
199.9,59.1,1.6,708.4,1.8,22.3,9.2,9.3,9.8,154.3,5.3,0
232.9,40.7,7.4,1041.7,2.0,20.2,5.5,5.7,10.2,145.2,3.4,0
202.9,77.5,8.1,302.2,2.1,24.6,3.1,23.1,14.9,192.9,4.6,1
197.5,34.3,0.7,25.8,1.6,15.0,5.0,24.0,10.6,158.9,3.8,0
201.3,7.2,6.9,456.8,3.5,17.8,3.6,6.0,8.9,144.2,2.6,0
160.0,64.0,8.7,692.4,1.9,24.5,4.9,16.4,13.7,177.2,4.1,1
239.4,52.0,8.2,654.2,3.6,17.0,3.7,24.0,13.5,153.3,0.4,0
231.0,44.8,4.2,23.9,3.4,10.1,4.4,19.6,5.5,199.2,5.1,0
198.0,33.4,1.8,149.8,3.3,24.7,3.5,20.7,7.0,174.3,2.8,0
254.2,78.0,9.5,94.3,3.0,25.3,5.3,14.8,0.5,156.8,3.9,1
188.0,24.7,1.8,157.8,1.5,15.3,4.9,18.0,7.8,145.8,3.5,0
207.2,34.5,1.2,224.5,2.1,13.3,2.0,26.5,1.1,174.8,0.8,0
230.0,72.3,4.0,847.2,3.1,18.1,5.1,29.6,5.9,168.9,0.1,0
261.6,48.3,2.0,359.6,3.7,15.2,3.2,27.8,11.7,154.9,3.2,0
236.6,47.9,8.7,518.0,2.2,16.6,8.9,8.7,1.1,158.6,5.3,0
191.8,20.5,0.6,929.3,1.5,12.4,9.9,22.6,2.1,162.0,2.7,0
211.2,55.2,3.0,129.7,2.9,19.4,6.3,21.6,1.4,162.5,5.7,0
230.9,62.7,4.5,1055.8,3.5,5.0,5.7,9.2,13.7,177.8,4.0,1
197.6,45.0,9.6,937.8,2.8,9.5,5.8,23.5,2.3,195.0,0.1,1
250.1,56.8,0.1,118.7,3.9,15.8,6.1,24.7,2.8,164.4,6.9,0
191.3,17.1,0.1,277.5,2.2,18.0,8.7,19.6,13.1,173.6,2.5,1
184.5,1.8,0.3,494.0,3.3,11.2,7.8,22.7,9.3,148.0,1.8,0
165.0,54.9,5.3,1010.4,3.8,26.2,5.1,20.9,3.0,174.9,7.0,0
206.6,35.4,3.7,383.1,3.1,23.6,4.0,24.3,0.1,168.4,3.3,0
173.5,68.3,0.4,838.7,2.0,6.0,8.9,16.6,12.0,196.3,6.4,1
218.6,3.7,9.0,673.0,3.0,28.5,2.7,27.3,2.4,191.0,3.8,1
271.4,36.0,3.5,888.3,3.8,24.5,7.3,6.5,8.7,170.2,1.0,1
160.7,18.9,3.6,191.2,3.4,11.3,4.6,11.9,1.6,143.0,1.3,0
202.7,67.9,3.6,403.6,3.8,28.3,6.0,7.8,10.9,190.4,0.6,1
238.1,74.0,2.3,991.6,2.5,25.0,4.3,5.0,13.0,190.2,3.6,1
195.8,5.9,7.6,389.1,2.9,15.3,6.2,22.8,0.5,176.3,3.7,1
223.2,63.0,3.2,124.3,2.5,11.0,4.3,17.6,4.3,147.3,2.4,0
258.1,6.8,7.0,660.8,3.9,27.0,4.2,17.1,12.8,193.2,1.7,1
241.2,62.8,7.2,38.3,3.6,29.1,6.7,10.5,12.5,161.3,0.7,1
242.0,13.6,7.9,1048.1,1.9,13.4,4.3,25.9,2.2,163.9,3.3,0
198.5,13.4,1.5,781.6,2.5,19.7,7.1,13.3,10.7,168.1,1.6,1
246.9,29.0,9.0,736.7,3.2,13.6,7.5,19.4,11.3,165.1,3.2,1
269.8,65.6,8.4,530.4,2.7,14.6,4.4,16.6,3.0,173.5,2.0,0
262.5,23.6,5.6,403.1,1.6,8.3,7.5,19.2,5.3,178.3,3.1,0
222.2,23.8,3.4,365.2,2.2,5.7,5.7,5.6,10.3,170.5,6.2,1
183.8,36.8,8.3,815.5,2.1,15.6,7.4,23.6,12.8,199.2,5.9,1
210.6,51.8,1.4,1001.1,1.8,17.3,8.4,7.1,13.4,147.1,3.4,0
248.1,2.8,7.4,952.9,2.6,16.7,8.0,28.0,6.7,191.2,7.0,0
277.9,29.0,5.0,988.2,1.5,23.5,2.6,18.9,4.7,188.7,1.9,0
212.6,76.5,9.1,3.4,3.3,23.5,8.3,6.4,4.8,165.6,4.7,1
206.0,23.6,6.4,401.9,1.5,18.9,8.4,23.2,10.2,163.8,0.2,1
259.5,32.3,9.0,226.1,1.6,14.8,7.1,7.7,4.8,158.8,4.5,0
279.6,61.9,3.9,816.0,1.9,19.8,9.6,14.9,3.9,193.2,0.9,0
275.6,37.4,4.4,182.7,3.2,13.3,9.3,20.2,3.3,185.9,3.0,1
163.5,40.0,5.0,684.8,1.9,9.0,4.4,9.4,9.7,181.1,2.7,0
173.6,2.8,3.2,443.6,1.6,7.2,5.8,21.0,7.8,198.2,1.5,0
258.0,31.7,7.2,1072.2,3.4,15.1,6.2,7.7,6.6,155.8,1.8,0
229.3,6.0,6.9,813.7,3.2,7.4,7.9,6.3,2.6,143.2,4.8,0
202.6,58.5,7.7,209.3,2.9,16.1,4.5,5.7,7.9,166.6,2.0,0
236.7,42.5,2.2,623.9,2.0,5.5,5.0,8.2,12.1,182.9,3.4,1
262.4,20.7,7.6,1072.1,2.4,28.1,6.2,16.2,9.6,173.9,4.5,0
261.4,33.1,6.3,48.1,3.1,15.6,2.7,14.7,9.5,143.8,2.5,0
253.1,49.4,6.8,1068.4,3.6,9.0,9.6,15.4,2.2,191.3,3.3,0
185.7,64.5,3.2,647.6,2.3,7.3,7.9,6.7,2.5,168.6,1.6,0
248.0,33.7,4.6,939.7,1.9,13.1,9.4,25.6,12.7,190.4,3.9,1
180.1,55.3,6.0,24.3,4.0,23.8,6.7,29.3,11.6,181.5,6.7,1
224.2,25.1,9.5,1052.6,3.1,21.2,3.0,27.9,6.4,162.6,4.4,0
222.3,19.1,9.8,90.6,2.8,14.7,5.8,22.2,6.1,170.6,0.7,0
254.0,7.3,8.3,164.0,1.7,15.3,9.4,18.3,0.4,185.0,3.1,0
188.4,69.6,4.2,95.4,1.7,13.1,7.1,20.1,13.5,190.0,5.5,1
246.7,8.5,1.1,884.3,2.0,11.7,9.4,26.3,1.3,144.3,1.4,0
234.3,42.0,0.7,767.3,3.0,28.3,7.3,19.9,4.8,191.6,5.6,1
208.8,32.4,3.7,321.2,3.7,18.4,4.2,29.3,8.5,153.6,0.2,0
170.7,45.9,0.7,614.6,3.0,11.0,9.2,18.1,0.4,197.0,3.8,0
277.0,45.2,1.7,693.4,1.8,7.6,6.5,8.0,10.1,175.1,1.1,1
192.4,68.6,2.0,330.9,1.6,16.5,6.1,22.1,8.1,161.4,6.9,0
279.4,58.1,1.4,140.1,2.1,14.4,5.9,27.4,7.1,143.4,0.8,0
210.6,69.3,9.2,996.5,4.0,9.2,5.1,12.3,14.1,198.7,5.1,1
272.5,16.0,3.1,695.7,3.5,27.3,5.2,10.7,14.3,180.0,6.4,1
231.8,21.3,3.9,980.2,1.9,18.3,2.6,16.9,11.7,174.6,6.3,1
255.9,29.6,8.3,1004.1,3.3,16.8,3.8,16.0,11.4,154.1,6.5,0
174.3,69.0,9.7,601.2,3.7,18.5,6.7,29.8,7.0,185.9,5.6,1
192.1,20.6,2.4,819.8,1.5,22.7,9.9,12.6,3.3,144.8,2.1,0
240.6,35.8,8.5,97.7,3.2,13.5,9.9,8.3,0.6,154.7,1.5,0
197.0,66.6,9.7,890.1,2.9,20.1,4.5,22.8,10.3,193.9,2.5,1
193.8,75.5,8.7,745.4,2.3,28.2,8.2,22.7,1.6,182.9,3.9,0
177.9,70.0,7.3,611.9,1.7,10.7,6.8,17.4,5.3,153.6,5.4,0
202.9,54.7,9.7,1021.2,2.4,12.9,4.6,14.2,12.4,186.4,2.6,1
176.6,16.8,8.3,865.2,3.1,30.0,5.5,21.2,2.6,190.6,4.2,1
216.0,52.6,10.0,273.0,2.6,6.3,4.3,8.5,13.5,168.3,6.8,1
174.5,17.1,9.8,494.7,2.9,7.1,6.7,9.1,15.0,191.8,2.6,1
180.9,23.5,2.4,507.6,3.5,19.3,4.0,18.9,9.0,173.3,3.6,0
271.9,74.2,3.5,596.8,2.1,28.8,5.9,17.4,0.3,169.1,6.3,0
167.9,50.0,1.8,874.1,1.5,12.2,5.8,13.7,14.5,159.6,4.9,0
198.0,38.3,7.3,45.1,3.5,25.7,9.9,24.8,3.0,165.1,3.8,0
221.7,76.8,3.9,826.5,2.7,12.9,5.7,19.1,9.5,198.9,1.4,0
277.5,24.7,0.5,207.3,3.4,5.9,7.6,28.8,9.8,155.0,4.5,0
234.4,46.3,6.5,760.0,3.0,23.1,3.6,13.3,6.2,188.9,6.5,1
209.0,1.3,9.2,614.8,1.5,14.3,4.2,12.8,1.6,181.5,2.2,0
223.1,55.1,9.2,674.6,2.0,28.0,8.1,23.3,12.6,143.9,4.5,0
205.8,21.1,2.5,1052.3,2.6,13.6,8.0,17.7,7.0,188.7,4.0,0
254.6,47.2,9.6,752.5,3.8,8.4,9.8,5.5,9.3,178.6,3.7,0
184.6,22.3,8.3,968.2,2.9,19.5,2.9,16.1,5.7,187.4,3.2,0
262.7,38.8,5.0,422.2,2.4,7.5,4.7,17.8,8.9,146.3,4.2,0
254.1,25.2,3.2,627.8,3.8,15.1,7.1,21.8,0.5,199.2,6.8,1
223.0,56.1,10.0,206.8,2.2,16.9,2.3,14.4,4.9,193.9,1.3,0
196.2,51.0,2.0,224.4,2.2,23.0,4.1,12.3,0.8,162.4,3.1,0
243.9,62.4,3.7,11.6,3.6,17.1,5.5,6.2,0.3,169.6,3.7,0
247.5,75.5,0.3,274.4,2.2,11.4,2.6,24.2,10.9,181.1,0.4,1
198.3,72.3,10.0,382.9,3.0,8.7,7.1,29.6,13.5,145.8,2.6,0
259.3,31.6,3.2,509.4,4.0,25.8,8.1,10.8,9.7,184.6,4.1,1
226.6,9.3,1.4,975.8,1.8,20.1,7.1,22.8,1.2,159.3,4.5,0
228.6,52.8,8.5,136.5,1.8,21.5,9.7,24.5,13.5,197.8,5.6,1
203.9,36.3,3.4,735.2,1.6,24.8,5.6,22.5,5.8,161.9,5.3,0
239.5,16.8,1.8,292.9,2.2,20.1,3.4,15.2,2.9,198.8,3.8,0
208.4,45.8,3.8,528.0,2.2,22.2,5.3,28.1,3.0,187.5,1.7,0
188.3,78.6,4.5,1011.4,3.2,12.2,4.7,15.1,6.9,191.9,6.8,0
262.2,17.8,0.7,438.2,3.8,16.9,5.9,29.0,12.1,191.2,2.8,1
237.4,38.5,2.0,675.9,1.5,25.3,8.8,13.5,4.4,196.0,6.6,0
278.6,47.4,7.7,912.7,2.8,27.6,3.5,15.0,14.5,150.5,2.3,1
203.3,70.1,1.0,867.6,1.8,21.2,3.1,17.7,7.0,180.2,3.0,0
223.2,52.2,2.4,567.7,2.8,5.9,8.7,23.3,0.4,147.5,6.9,0
215.1,20.3,3.0,469.2,3.6,26.6,4.3,22.3,1.2,156.3,3.7,0
251.8,71.6,1.4,112.8,1.8,21.0,7.5,24.1,11.2,159.9,5.5,0
229.8,54.7,8.8,133.6,2.6,13.9,9.9,19.3,3.1,193.1,6.2,0
168.4,43.0,9.5,707.5,3.9,22.0,8.8,30.0,6.4,190.2,2.5,1
191.5,6.4,7.9,933.9,2.4,11.4,2.6,19.6,6.3,161.5,1.7,0
199.7,41.1,9.0,508.6,2.4,14.3,5.2,5.7,10.7,165.0,5.8,1
250.7,51.9,6.9,481.4,3.3,27.5,7.0,13.0,3.1,147.5,1.3,1
187.0,4.3,4.3,438.0,2.8,26.9,4.1,18.7,11.8,168.7,3.2,1
194.7,43.9,9.8,275.2,1.5,21.7,3.1,8.1,13.8,193.0,2.1,1
230.4,31.1,3.4,928.0,2.6,28.3,7.0,14.2,6.8,169.5,6.6,0
170.1,60.1,1.4,259.9,3.5,26.4,10.0,11.7,8.6,177.8,0.2,1
193.9,59.7,7.5,825.5,2.2,27.3,7.7,5.7,2.4,168.7,2.8,0
214.9,15.0,1.2,338.9,3.9,17.0,4.2,13.8,6.8,197.3,5.6,0
262.4,33.0,7.5,389.2,3.4,27.0,7.2,15.0,1.6,188.4,0.1,1
191.3,14.5,4.1,71.9,3.9,29.4,8.2,8.6,12.8,160.3,5.7,1
235.6,27.1,0.9,54.2,2.7,18.0,5.7,22.3,7.8,189.8,5.1,1
254.6,77.3,4.2,535.3,1.5,13.6,5.6,15.9,10.9,186.1,2.0,1
204.2,48.4,9.3,270.0,3.7,25.2,4.0,27.0,9.5,153.6,4.8,0
271.6,4.1,2.0,1002.7,2.1,20.4,8.4,10.0,14.5,155.6,1.0,0
160.3,66.3,2.1,69.9,4.0,24.2,7.9,20.1,1.8,198.2,1.1,1
229.8,77.3,2.6,248.6,2.4,5.8,7.0,8.4,10.3,166.4,4.3,1
277.5,12.8,3.8,816.1,2.4,20.1,5.1,14.4,8.9,182.0,3.4,0
205.1,53.5,2.0,295.5,3.3,24.0,9.8,7.1,7.0,140.3,2.0,1
184.8,47.4,8.2,412.5,3.6,12.8,2.6,18.0,8.2,192.0,1.6,0
197.1,11.3,7.7,546.1,3.8,21.3,2.1,27.5,9.0,159.8,6.9,0
202.1,46.6,0.0,815.8,3.5,5.3,2.0,13.4,6.5,182.5,3.8,0
219.5,68.4,5.9,202.5,3.1,28.6,5.6,8.6,7.1,194.6,2.3,1
175.5,64.1,9.2,814.0,3.4,25.2,6.4,6.0,1.7,147.5,6.8,1
168.6,43.5,5.3,577.7,3.0,12.9,2.4,15.6,11.8,169.6,5.9,1
193.8,64.7,10.0,225.9,1.5,28.0,8.0,15.5,11.5,157.6,3.7,0
240.5,43.0,3.7,855.8,3.7,13.4,4.1,18.2,14.7,166.5,5.7,1
215.2,51.3,4.5,477.7,1.8,28.8,2.3,14.7,10.5,151.8,1.6,0
172.8,46.1,0.7,109.0,2.0,17.1,9.3,28.1,14.3,185.3,4.3,1
241.8,43.1,4.5,442.6,1.9,20.6,8.4,23.1,9.0,166.6,0.3,0
249.1,3.5,2.4,675.2,3.4,21.8,5.1,28.2,1.2,186.6,1.8,1
242.0,66.3,5.2,121.5,2.7,20.3,9.8,5.8,14.1,176.5,2.5,1
179.2,57.0,1.4,846.4,3.6,29.3,3.5,23.6,4.4,180.8,4.8,1
250.3,33.5,8.5,1070.0,3.5,13.2,5.5,18.8,3.8,151.9,3.1,0
188.9,56.1,8.7,797.6,2.0,15.4,7.6,9.0,0.4,195.0,6.5,0
200.2,24.0,7.0,155.7,3.4,9.6,9.1,27.7,7.2,152.7,0.7,0
251.8,66.7,4.0,734.9,2.0,12.7,4.8,22.1,4.1,178.5,5.5,0
279.5,34.3,4.2,793.4,2.9,13.9,6.9,28.3,3.4,177.9,2.3,1
209.7,9.5,3.4,40.0,2.3,13.2,4.2,28.1,6.8,182.7,4.5,0
215.8,38.6,9.2,135.1,4.0,18.3,4.2,26.6,3.1,151.0,1.6,0
248.1,47.5,5.5,36.0,1.9,8.7,6.8,17.4,8.6,195.0,0.5,0
163.3,68.0,1.5,348.5,1.7,13.7,2.8,15.4,6.5,155.9,5.8,0
267.4,4.8,3.5,481.8,1.9,6.4,2.7,27.6,10.1,144.0,2.8,0
169.8,58.8,9.9,30.9,3.1,19.8,8.4,18.0,12.3,155.8,0.8,0
271.9,3.5,9.6,177.5,3.6,15.3,4.2,17.9,9.0,185.0,5.2,0
177.2,72.3,1.8,223.6,3.5,17.1,8.7,9.9,10.2,155.4,2.4,0
224.4,59.1,4.6,129.7,3.6,12.2,6.7,14.7,2.6,152.9,2.7,0
205.5,11.7,8.1,237.6,2.7,16.7,9.8,24.1,4.0,158.9,5.1,0
250.4,64.8,8.9,167.0,2.7,25.3,4.3,16.3,6.2,177.0,1.9,1
263.5,70.4,0.4,401.8,2.6,16.8,7.8,10.9,3.1,157.3,5.9,0
246.5,17.9,9.2,138.3,2.3,10.7,3.2,11.8,7.8,194.2,5.3,0
238.2,17.7,4.8,952.1,2.8,7.7,8.6,29.6,1.5,180.0,2.6,1
216.5,9.8,0.9,444.2,2.6,14.0,8.5,11.6,4.2,195.1,3.0,0
205.7,58.7,2.2,991.5,3.8,20.8,3.9,22.0,9.5,196.5,4.7,1
219.8,29.1,1.5,140.7,2.0,11.3,2.4,5.8,8.5,190.6,4.9,0
219.3,50.7,0.6,124.1,3.3,26.7,2.1,27.1,6.9,141.3,6.4,0
258.3,44.5,3.2,137.8,3.6,20.3,9.6,19.2,1.7,167.4,4.1,1
191.6,17.1,4.3,302.2,3.7,29.3,2.0,15.4,9.6,174.4,7.0,1
232.3,69.8,1.5,545.8,3.3,29.8,7.6,21.2,12.1,166.0,0.3,1
174.1,68.5,4.0,678.3,1.9,15.3,9.3,20.1,14.2,153.8,3.7,0
277.3,71.4,3.0,799.2,2.1,6.8,7.8,19.8,2.9,166.3,5.1,0
181.7,44.1,3.0,372.2,3.4,23.0,4.0,29.1,7.8,174.0,5.0,0
272.0,12.4,1.6,124.7,3.6,18.1,3.6,18.0,1.6,157.6,2.0,0
217.5,49.2,3.0,1033.8,2.2,29.7,9.2,26.0,11.8,156.6,3.3,0
200.6,13.8,0.3,717.5,2.9,29.4,7.1,15.9,4.4,185.7,1.7,1
224.9,50.2,6.0,403.9,2.8,28.3,5.5,22.3,14.6,169.5,1.9,1
229.7,21.1,5.5,96.8,2.4,9.9,9.3,23.5,6.6,181.5,5.5,0
183.6,79.0,9.7,58.8,3.5,11.2,3.1,27.4,14.4,186.6,2.9,1
233.6,41.7,0.7,530.3,3.5,12.6,3.1,10.4,5.8,184.1,0.5,0
181.2,52.0,0.9,206.1,1.5,17.6,5.5,9.2,13.9,173.4,0.4,1
235.5,38.3,8.7,141.2,1.5,11.7,9.5,8.5,6.1,157.7,2.1,0
278.7,50.2,3.3,33.9,3.2,9.8,4.7,15.8,13.8,159.4,6.7,0
258.9,73.0,3.8,230.1,2.0,5.0,7.1,9.7,11.0,194.8,3.9,1
254.9,22.2,9.3,208.7,3.6,18.2,3.6,17.7,10.6,174.6,5.9,1
209.8,41.6,9.2,175.5,1.6,14.0,5.6,10.5,11.3,176.2,2.7,1
244.4,58.8,8.2,445.9,2.3,6.7,2.0,24.9,8.0,190.1,3.5,0
178.0,41.1,9.3,765.5,2.8,26.5,9.3,6.7,11.6,196.6,1.3,1
217.8,65.6,9.3,11.7,2.1,17.4,7.4,28.9,11.4,162.0,3.3,1
265.3,55.2,6.8,10.7,4.0,15.2,8.6,21.2,15.0,170.4,2.1,1
268.4,65.4,2.7,177.6,3.7,20.5,7.8,19.1,11.6,144.0,5.5,1
264.0,39.7,7.8,296.2,2.2,30.0,8.6,19.6,10.4,164.1,1.0,1
168.8,24.9,9.7,37.0,1.6,22.5,4.7,20.6,9.0,179.2,5.1,0
215.9,28.0,9.2,300.5,2.4,14.7,2.5,18.0,3.2,183.5,2.2,0
222.6,10.4,6.6,886.7,3.3,18.3,3.6,26.4,5.0,198.9,5.2,1
265.9,43.4,3.1,746.2,3.9,24.4,5.0,11.5,0.2,189.8,1.3,1
182.3,47.2,9.2,244.3,3.7,7.1,8.3,12.7,13.5,161.3,1.1,1
